Workbook
Name SECC: TABLAS!$B$7:$B$21
Name DIAM_COND: TABLAS!$O$7:$O$21
Name TABLA2: TABLAS!$C$7:$N$21
Name MET_DESC: TABLAS!$B$26:$B$31
Name MET_COD: TABLAS!$C$26:$C$31
Name FT_T: TABLAS!$B$36:$B$46
Name FT_AIR: TABLAS!$C$36:$C$46
Name FT_TER: TABLAS!$D$36:$D$46
Name FA_N: TABLAS!$B$52:$B$63
Name FA_F: TABLAS!$C$52:$C$63
Name ITM: TABLAS!$B$68:$B$86
Name TUBO_NOM: TABLAS!$B$91:$B$98
Name TUBO_A40: TABLAS!$D$91:$D$98
Name SIS_NOM: TABLAS!$B$104:$B$106
Name SIS_V: TABLAS!$C$104:$C$106
Name SIS_K: TABLAS!$D$104:$D$106
Name SIS_K2: TABLAS!$E$104:$E$106
Name SIS_CARG: TABLAS!$F$104:$F$106
Name SIS_ACT: TABLAS!$G$104:$G$106
Name TRAMO_NOM: TABLAS!$B$112:$B$113
Name TRAMO_LIM: TABLAS!$C$112:$C$113
Name COND_NOM: TABLAS!$B$118:$B$120
Name SMIN: TABLAS!$B$124:$B$129
Name VAR_NOM: TABLAS!$B$135:$B$140
Name VAR_D: TABLAS!$C$135:$C$140
Name VAR_MAT: TABLAS!$D$135:$D$140
Name VAR_DMIN: TABLAS!$E$135:$E$140
Name TRAT_NOM: TABLAS!$B$146:$B$153
Name TRAT_RHO: TABLAS!$C$146:$C$153
Name TRAT_DOS: TABLAS!$D$146:$D$153
Name TRAT_SRC: TABLAS!$E$146:$E$153
Name OBJ_NOM: TABLAS!$B$158:$B$162
Name OBJ_R: TABLAS!$C$158:$C$162
Name OBJ_REF: TABLAS!$D$158:$D$162
Name LAM_N: TABLAS!$B$168:$B$177
Name LAM_L: TABLAS!$C$168:$C$177
Name LAMQ_N: TABLAS!$B$181:$B$189
Name LAMQ_L: TABLAS!$C$181:$C$189
Name T17_HASTA: TABLAS!$B$195:$B$202
Name T17_SEC: TABLAS!$C$195:$C$202
Name FM_NOM: TABLAS!$B$207:$B$210
Name FM_VAL: TABLAS!$C$207:$C$210
Name LUM_NOM: TABLAS!$B$216:$B$227
Name LUM_DIS: TABLAS!$C$216:$C$227
Name LUM_FLU: TABLAS!$D$216:$D$227
Name LUM_W: TABLAS!$E$216:$E$227
Name LUM_RA: TABLAS!$F$216:$F$227
Name CU_TAB: TABLAS!$C$233:$O$252
Name CU_K: TABLAS!$C$253:$O$253
Name REFL_NOM: TABLAS!$B$259:$B$268
Name EM_NOM: TABLAS!$B$274:$B$561
Name EM_E: TABLAS!$C$274:$C$561
Name EM_UGR: TABLAS!$D$274:$D$561
Name EM_UO: TABLAS!$E$274:$E$561
Name EM_RA: TABLAS!$F$274:$F$561
Name EM_KEY: TABLAS!$R$274:$R$561
Name EM_S1: TABLAS!$B$274:$B$288
Name EM_S2: TABLAS!$B$289:$B$316
Name EM_S3: TABLAS!$B$317:$B$361
Name EM_S4: TABLAS!$B$362:$B$496

Sheet INICIO
B2: CALCULADORAS IIEE ALF
B3: Pozo a tierra (Wenner) · Iluminación EM.010-2019 · Caída de tensión y sección de conductor (CNE-U) · v1.0.0
B4: ALF_BIM · www.alfbim.com · Herramienta gratuita
B6: DATOS DEL PROYECTO (aparecen en el encabezado de cada reporte)
B7: Proyecto | D7: EDIFICIO DE VIVIENDA Y OFICINAS DE 4 NIVELES (EJEMPLO)
B8: Propietario | D8: —
B9: Ubicación | D9: Chota, Cajamarca
B10: Proyectista | D10: Ing.
B11: CIP
B12: Fecha | D12: 46317
B14: HOJAS DE CÁLCULO
B15: =HYPERLINK("#'POZO_TIERRA'!A1","→ POZO_TIERRA") | D15: Pozo a tierra: resistividad por el método de Wenner (hasta 8 lecturas en dos direcciones), resistividad de diseño, verificación de la varilla (CNE-U 060-702), resistencia de un pozo con relleno tratado, número de pozos para la resistencia objetivo (060-712, BS 7430), comparación de tratamientos y metrado del relleno.
B16: =HYPERLINK("#'ILUMINACION'!A1","→ ILUMINACION") | D16: Iluminación de un ambiente por el método de los lúmenes con los requisitos de la EM.010-2019 (Em, UGRL, Uo, Ra): índice del local, CU, factor de mantenimiento, número y distribución de luminarias, verificación de Em, de la separación y del Ra, potencia y W/m², y plano de distribución.
B17: =HYPERLINK("#'ILUM_AMBIENTES'!A1","→ ILUM_AMBIENTES") | D17: Cuadro de iluminación de hasta 25 ambientes de un proyecto (listas de la EM.010-2019 y catálogo de luminarias).
B18: =HYPERLINK("#'CAIDA_TENSION'!A1","→ CAIDA_TENSION") | D18: Caída de tensión y sección de un conductor: corriente, ITM, capacidad (Tabla 2, 5A y 5C), sección por caída (050-102), sección adoptada, longitud máxima, conductor de protección, tubería y tabla de verificación.
B19: =HYPERLINK("#'CIRCUITOS'!A1","→ CIRCUITOS") | D19: Cuadro de hasta 25 alimentadores y circuitos con su ITM, sección, caída parcial y acumulada (límite de 4 %).
B20: =HYPERLINK("#'TABLAS'!A1","→ TABLAS") | D20: Tablas del CNE-U, EM.010, BS 7430, rellenos de pozo, luminarias y CU (con su fuente).
B22: CÓMO SE USA
B23: Celda amarilla con texto azul | D23: Dato que usted ingresa (o elige de la lista desplegable).
B24: Celda gris con texto negro | D24: Resultado calculado. No se modifica.
B25: Celda celeste | D25: Resultado principal de la hoja.
B26: CUMPLE / NO CUMPLE / AVISO | D26: Verificación con la norma o con un criterio indicado en la nota de la fila.
B27: Celdas opcionales | D27: Si se dejan vacías se usa el valor de la norma o del catálogo; si se llenan, mandan.
B28: Protección | D28: Las hojas están protegidas SIN contraseña (Revisar > Desproteger hoja) para no borrar fórmulas por error.
B30: REPORTE EN PDF
B31: 1. Llene los datos del proyecto arriba y los de la hoja que va a imprimir.
B32: 2. Archivo → Exportar → Crear documento PDF/XPS (o Archivo → Imprimir → Microsoft Print to PDF).
B33: 3. Cada hoja ya está en A4, ajustada al ancho, con encabezado, número de página y pie de ALF_BIM.
B34: 4. Para un solo PDF con varias hojas: seleccione las pestañas con Ctrl + clic antes de exportar.
B36: NORMAS Y CRITERIOS
B37: CNE-Utilización 2006 (R.M. 037-2006-MEM/DM, mod. R.M. 175-2008-MEM/DM): Regla 050-102 (caída de tensión: 2.5 % alimentador, 2.5 % derivado, 4 % total), Tabla 2 (capacidad de corriente, Cu PVC 70 °C), Tablas 5A y 5C (factores), Regla 030-002 (sección mínima), Reglas 060-702 y 060-712 (electrodos de puesta a tierra, ≤ 25 Ω).
B38: NTE EM.010 Instalaciones Eléctricas Interiores (R.M. 083-2019-VIVIENDA): Art. 5 (definiciones), Art. 6 (requisitos de iluminación y factor de mantenimiento) y Anexo «Requisitos mínimos de iluminación» (Em, UGRL, Uo, Ra). Reemplazó la tabla de iluminancias de 2006 (con calidad A–E) que todavía usan muchas plantillas.
B39: IEEE Std 81 (método de Wenner), IEEE Std 80 (resistencia de varilla y de electrodo con relleno), BS 7430:1998 (varillas en paralelo), IEC 60364-5-54 (conductor de protección).
B40: Las tablas de conductores son las mismas de MaximaDemandaALF (ALF-13), cotejadas con el texto oficial del CNE-U.
B42: AVISO: esta es una herramienta gratuita de apoyo al cálculo. En el Perú, los planos y memorias de instalaciones eléctricas los firma un ingeniero electricista o mecánico electricista colegiado, que debe revisar los datos y los resultados. ALF_BIM no se responsabiliza por el uso que se dé a los resultados.
B44: ¿Necesita el cuadro de cargas, la máxima demanda y la memoria de IIEE completa en Word? MaximaDemandaALF. ¿Circuitos, unifilar y metrados en Revit? ElectricasALF. Más en www.alfbim.com

Sheet POZO_TIERRA
B1: POZO A TIERRA · RESISTIVIDAD (WENNER) Y NÚMERO DE POZOS
B2: ALF_BIM · Calculadoras IIEE ALF · CNE-U Sección 060 · IEEE 80/81 · BS 7430 · v1.0.0
B3: Proyecto | C3: =INICIO!$D$7
B4: Ubicación | C4: =INICIO!$D$9
B5: Sistema | C5: SISTEMA DE PUESTA A TIERRA DEL TABLERO GENERAL (EJEMPLO)
B6: Proyectista | C6: =INICIO!$D$10&IF(INICIO!$D$11="",""," · CIP "&INICIO!$D$11)
B7: Fecha | C7: =INICIO!$D$12
B10: 1. MEDICIÓN DE LA RESISTIVIDAD DEL TERRENO · MÉTODO DE WENNER (IEEE Std 81)
B11: Telurómetro y fecha de la medición | D11: Telurómetro digital · 15/10/2026 (época seca)
B12: Profundidad de hincado de las picas de prueba | C12: b | D12: 0.2 | E12: m | F12: Con b ≤ a/20 la fórmula se reduce a ρ = 2π·a·R
B13: ρ = 4π·a·R / [1 + 2a/√(a² + 4b²) − a/√(a² + b²)] (a: separación entre picas; R: lectura del telurómetro). Mida en dos direcciones perpendiculares sobre el área del pozo.
B14: Lectura | C14: a (m) | D14: R dirección 1 (Ω) | E14: R dirección 2 (Ω) | F14: ρ dirección 1 (Ω·m) | G14: ρ dirección 2 (Ω·m) | H14: ρ media (Ω·m)
B15: Lectura 1 | C15: 1 | D15: 25.4 | E15: 27.1 | F15: =IF(OR(C15="",D15=""),"",4*PI()*C15*D15/(1+2*C15/SQRT(C15^2+4*$D$12^2)-C15/SQRT(C15^2+$D$12^2))) | G15: =IF(OR(C15="",E15=""),"",4*PI()*C15*E15/(1+2*C15/SQRT(C15^2+4*$D$12^2)-C15/SQRT(C15^2+$D$12^2))) | H15: =IF(COUNT(F15:G15)=0,"",AVERAGE(F15:G15))
B16: Lectura 2 | C16: 2 | D16: 13.6 | E16: 14.5 | F16: =IF(OR(C16="",D16=""),"",4*PI()*C16*D16/(1+2*C16/SQRT(C16^2+4*$D$12^2)-C16/SQRT(C16^2+$D$12^2))) | G16: =IF(OR(C16="",E16=""),"",4*PI()*C16*E16/(1+2*C16/SQRT(C16^2+4*$D$12^2)-C16/SQRT(C16^2+$D$12^2))) | H16: =IF(COUNT(F16:G16)=0,"",AVERAGE(F16:G16))
B17: Lectura 3 | C17: 3 | D17: 9.8 | E17: 10.2 | F17: =IF(OR(C17="",D17=""),"",4*PI()*C17*D17/(1+2*C17/SQRT(C17^2+4*$D$12^2)-C17/SQRT(C17^2+$D$12^2))) | G17: =IF(OR(C17="",E17=""),"",4*PI()*C17*E17/(1+2*C17/SQRT(C17^2+4*$D$12^2)-C17/SQRT(C17^2+$D$12^2))) | H17: =IF(COUNT(F17:G17)=0,"",AVERAGE(F17:G17))
B18: Lectura 4 | C18: 4 | D18: 7.6 | E18: 7.9 | F18: =IF(OR(C18="",D18=""),"",4*PI()*C18*D18/(1+2*C18/SQRT(C18^2+4*$D$12^2)-C18/SQRT(C18^2+$D$12^2))) | G18: =IF(OR(C18="",E18=""),"",4*PI()*C18*E18/(1+2*C18/SQRT(C18^2+4*$D$12^2)-C18/SQRT(C18^2+$D$12^2))) | H18: =IF(COUNT(F18:G18)=0,"",AVERAGE(F18:G18))
B19: Lectura 5 | C19: 6 | D19: 5.3 | E19: 5.5 | F19: =IF(OR(C19="",D19=""),"",4*PI()*C19*D19/(1+2*C19/SQRT(C19^2+4*$D$12^2)-C19/SQRT(C19^2+$D$12^2))) | G19: =IF(OR(C19="",E19=""),"",4*PI()*C19*E19/(1+2*C19/SQRT(C19^2+4*$D$12^2)-C19/SQRT(C19^2+$D$12^2))) | H19: =IF(COUNT(F19:G19)=0,"",AVERAGE(F19:G19))
B20: Lectura 6 | C20: 8 | D20: 4.1 | E20: 4.2 | F20: =IF(OR(C20="",D20=""),"",4*PI()*C20*D20/(1+2*C20/SQRT(C20^2+4*$D$12^2)-C20/SQRT(C20^2+$D$12^2))) | G20: =IF(OR(C20="",E20=""),"",4*PI()*C20*E20/(1+2*C20/SQRT(C20^2+4*$D$12^2)-C20/SQRT(C20^2+$D$12^2))) | H20: =IF(COUNT(F20:G20)=0,"",AVERAGE(F20:G20))
B21: Lectura 7 | F21: =IF(OR(C21="",D21=""),"",4*PI()*C21*D21/(1+2*C21/SQRT(C21^2+4*$D$12^2)-C21/SQRT(C21^2+$D$12^2))) | G21: =IF(OR(C21="",E21=""),"",4*PI()*C21*E21/(1+2*C21/SQRT(C21^2+4*$D$12^2)-C21/SQRT(C21^2+$D$12^2))) | H21: =IF(COUNT(F21:G21)=0,"",AVERAGE(F21:G21))
B22: Lectura 8 | F22: =IF(OR(C22="",D22=""),"",4*PI()*C22*D22/(1+2*C22/SQRT(C22^2+4*$D$12^2)-C22/SQRT(C22^2+$D$12^2))) | G22: =IF(OR(C22="",E22=""),"",4*PI()*C22*E22/(1+2*C22/SQRT(C22^2+4*$D$12^2)-C22/SQRT(C22^2+$D$12^2))) | H22: =IF(COUNT(F22:G22)=0,"",AVERAGE(F22:G22))
B36: Lecturas válidas | C36: n | D36: =COUNT($H$15:$H$22)
B37: Resistividad media de las lecturas | C37: ρm | D37: =IF($D$36=0,0,AVERAGE($H$15:$H$22)) | E37: Ω·m
B38: Resistividad máxima de las lecturas | C38: ρmáx | D38: =IF($D$36=0,0,MAX($F$15:$G$22)) | E38: Ω·m
B39: Resistividad mínima de las lecturas | C39: ρmín | D39: =IF($D$36=0,0,MIN($F$15:$G$22)) | E39: Ω·m
B40: Homogeneidad del terreno | D40: =IF($D$36=0,"Ingrese las lecturas",IF(($D$38-$D$39)/$D$37>0.5,"AVISO: el terreno es heterogéneo (estratificado). El modelo homogéneo es aproximado: use el criterio conservador.","Terreno aproximadamente homogéneo"))
B42: 2. RESISTIVIDAD DE DISEÑO
B43: Criterio para la resistividad de diseño | D43: Promedio de las lecturas
B44: Resistividad manual (solo con «Valor manual») | C44: ρman | E44: Ω·m | F44: Por ejemplo, de un estudio de suelos
B45: Resistividad seleccionada | C45: ρsel | D45: =IF($D$43="Valor manual",N($D$44),IF(LEFT($D$43,6)="Máximo",$D$38,$D$37)) | E45: Ω·m
B46: Factor estacional | C46: Ke | D46: 1 | F46: 1.0 si se midió en época seca; 1.2 a 2.0 si se midió con el terreno húmedo (criterio del proyectista)
B47: RESISTIVIDAD DE DISEÑO | C47: ρ | D47: =$D$45*$D$46 | E47: Ω·m
B49: 3. ELECTRODO Y POZO (CNE-U Regla 060-702)
B50: Varilla (electrodo) | D50: Cobre Ø 5/8" (15.9 mm)
B51: Diámetro de la varilla | C51: d | D51: =INDEX(VAR_D,MATCH($D$50,VAR_NOM,0)) | E51: m
B52: Material | D52: =INDEX(VAR_MAT,MATCH($D$50,VAR_NOM,0))
B53: Longitud de la varilla | C53: L | D53: 2.4 | E53: m | F53: Práctica comercial: 2.40 m
B54: Profundidad de la cabeza de la varilla bajo el piso terminado | C54: t | D54: 0.2 | E54: m
B55: Longitud ≥ 2 m · 060-702(3)(b) | C55: =IF($D$53>=2,"CUMPLE","NO CUMPLE")
B56: Diámetro mínimo: 16 mm (5/8") acero-cobre; 13 mm (1/2") cobre · 060-702(3)(a) | C56: =IF($D$51>=INDEX(VAR_DMIN,MATCH($D$50,VAR_NOM,0))-0.0001,"CUMPLE","NO CUMPLE")
B57: La varilla alcanza 2.5 m de profundidad (t + L ≥ 2.5 m) · 060-702(3)(d) | C57: =IF($D$54+$D$53>=2.5,"CUMPLE","NO CUMPLE")
B58: Relleno o tratamiento del pozo | D58: Tierra de cultivo + 1 dosis de gel químico por m³
B59: ρ del relleno del fabricante (solo con «Relleno manual») | C59: ρc,man | E59: Ω·m
B60: ¿Varilla sin pozo? | D60: =LEFT($D$58,8)="Sin pozo"
B61: Resistividad del relleno | C61: ρc | D61: =IF($D$60,$D$47,IF(LEFT($D$58,14)="Relleno manual",IF(N($D$59)>0,$D$59,$D$47),INDEX(TRAT_RHO,MATCH($D$58,TRAT_NOM,0)))) | E61: Ω·m | F61: Valor referencial de TABLAS o del fabricante
B62: ρ del relleno manual ingresado | C62: =IF(LEFT($D$58,14)<>"Relleno manual","—",IF(N($D$59)>0,"CUMPLE","AVISO: ingrese ρc (se usa ρ del terreno)"))
B63: Diámetro del pozo | C63: D | D63: 1 | E63: m | F63: Práctica de fabricantes: 0.80 a 1.00 m
B64: Profundidad del pozo | C64: hp | D64: 3 | E64: m | F64: Práctica de fabricantes: L + 0.60 m
B65: El relleno cubre toda la varilla (hp ≥ t + L) | C65: =IF($D$60,"—",IF($D$64>=$D$54+$D$53-0.001,"CUMPLE","NO CUMPLE"))
B66: El relleno es mejor conductor que el terreno (ρc < ρ) | C66: =IF($D$60,"—",IF($D$61<$D$47,"CUMPLE","AVISO: el relleno no mejora"))
B67: Validez de la fórmula del pozo (8L/D > 3) | C67: =IF($D$60,"—",IF(8*$D$53/$D$63>3,"CUMPLE","NO CUMPLE: pozo muy ancho para la varilla"))
B68: Volumen de relleno por pozo (π·D²/4·hp) | C68: Vr | D68: =IF($D$60,0,PI()*$D$63^2/4*$D$64) | E68: m³
B69: Dosis de gel químico por pozo | D69: =IF($D$60,0,ROUNDUP($D$68*INDEX(TRAT_DOS,MATCH($D$58,TRAT_NOM,0)),0)) | E69: dosis | F69: Según la dosificación por m³ del relleno elegido
B71: 4. RESISTENCIA DE UN POZO
B72: Varilla en terreno natural (Dwight, IEEE Std 80): R0 = ρ/(2π·L)·[ln(8L/d) − 1]. Varilla en pozo con relleno de diámetro D (electrodo encapsulado, IEEE Std 80): R1 = [ρc·ln(D/d) + ρ·(ln(8L/D) − 1)] / (2π·L).
B73: Resistencia de la varilla sin pozo | C73: R0 | D73: =$D$47/(2*PI()*$D$53)*(LN(8*$D$53/$D$51)-1) | E73: Ω
B74: RESISTENCIA DE UN POZO | C74: R1 | D74: =IF($D$60,$D$73,($D$61*LN($D$63/$D$51)+$D$47*(LN(8*$D$53/$D$63)-1))/(2*PI()*$D$53)) | E74: Ω
B75: Reducción lograda con el pozo | D75: =IF($D$73=0,0,1-$D$74/$D$73)
B77: 5. RESISTENCIA OBJETIVO Y NÚMERO DE POZOS (CNE-U 060-712 · BS 7430)
B78: Uso del sistema de puesta a tierra | D78: Instalaciones interiores en general (CNE-U 060-712)
B79: Resistencia objetivo del proyectista (solo con «Valor del proyectista») | C79: Rman | E79: Ω
B80: Resistencia objetivo | C80: Robj | D80: =IF(INDEX(OBJ_R,MATCH($D$78,OBJ_NOM,0))="",N($D$79),INDEX(OBJ_R,MATCH($D$78,OBJ_NOM,0))) | E80: Ω
B81: Referencia | D81: =INDEX(OBJ_REF,MATCH($D$78,OBJ_NOM,0))
B82: Separación entre pozos | C82: s | D82: 5 | E82: m | F82: 060-702(6): al menos 2 m o la longitud del electrodo
B83: Separación ≥ máx(2 m, L) · 060-702(6) y 060-712 | C83: =IF($D$82>=MAX(2,$D$53),"CUMPLE","NO CUMPLE")
B84: Pozos en línea recta, unidos por conductor de cobre desnudo (su aporte se desprecia, a favor de la seguridad): Rn = R1·(1 + λ·α)/n, α = ρ/(2π·R1·s) (BS 7430, cláusula 10.2). Para 3 pozos en triángulo o en L, λ = 1.66 (igual que en línea).
B85: Disposición | C85: n | D85: λ | E85: α | F85: Rn (Ω) | G85: Rn ≤ Robj
B86: 1 pozo en línea | C86: 1 | D86: =INDEX(LAM_L,MATCH(C86,LAM_N,0)) | E86: =IF($D$74=0,0,$D$47/(2*PI()*$D$74*$D$82)) | F86: =$D$74*(1+D86*E86)/C86 | G86: =IF(F86<=$D$80,"CUMPLE","NO CUMPLE") | J86: =IF(G86="CUMPLE",1,0)
B87: 2 pozos en línea | C87: 2 | D87: =INDEX(LAM_L,MATCH(C87,LAM_N,0)) | E87: =IF($D$74=0,0,$D$47/(2*PI()*$D$74*$D$82)) | F87: =$D$74*(1+D87*E87)/C87 | G87: =IF(F87<=$D$80,"CUMPLE","NO CUMPLE") | J87: =IF(G87="CUMPLE",1,0)
B88: 3 pozos en línea | C88: 3 | D88: =INDEX(LAM_L,MATCH(C88,LAM_N,0)) | E88: =IF($D$74=0,0,$D$47/(2*PI()*$D$74*$D$82)) | F88: =$D$74*(1+D88*E88)/C88 | G88: =IF(F88<=$D$80,"CUMPLE","NO CUMPLE") | J88: =IF(G88="CUMPLE",1,0)
B89: 4 pozos en línea | C89: 4 | D89: =INDEX(LAM_L,MATCH(C89,LAM_N,0)) | E89: =IF($D$74=0,0,$D$47/(2*PI()*$D$74*$D$82)) | F89: =$D$74*(1+D89*E89)/C89 | G89: =IF(F89<=$D$80,"CUMPLE","NO CUMPLE") | J89: =IF(G89="CUMPLE",1,0)
B90: 5 pozos en línea | C90: 5 | D90: =INDEX(LAM_L,MATCH(C90,LAM_N,0)) | E90: =IF($D$74=0,0,$D$47/(2*PI()*$D$74*$D$82)) | F90: =$D$74*(1+D90*E90)/C90 | G90: =IF(F90<=$D$80,"CUMPLE","NO CUMPLE") | J90: =IF(G90="CUMPLE",1,0)
B91: 6 pozos en línea | C91: 6 | D91: =INDEX(LAM_L,MATCH(C91,LAM_N,0)) | E91: =IF($D$74=0,0,$D$47/(2*PI()*$D$74*$D$82)) | F91: =$D$74*(1+D91*E91)/C91 | G91: =IF(F91<=$D$80,"CUMPLE","NO CUMPLE") | J91: =IF(G91="CUMPLE",1,0)
B92: 7 pozos en línea | C92: 7 | D92: =INDEX(LAM_L,MATCH(C92,LAM_N,0)) | E92: =IF($D$74=0,0,$D$47/(2*PI()*$D$74*$D$82)) | F92: =$D$74*(1+D92*E92)/C92 | G92: =IF(F92<=$D$80,"CUMPLE","NO CUMPLE") | J92: =IF(G92="CUMPLE",1,0)
B93: 8 pozos en línea | C93: 8 | D93: =INDEX(LAM_L,MATCH(C93,LAM_N,0)) | E93: =IF($D$74=0,0,$D$47/(2*PI()*$D$74*$D$82)) | F93: =$D$74*(1+D93*E93)/C93 | G93: =IF(F93<=$D$80,"CUMPLE","NO CUMPLE") | J93: =IF(G93="CUMPLE",1,0)
B94: 9 pozos en línea | C94: 9 | D94: =INDEX(LAM_L,MATCH(C94,LAM_N,0)) | E94: =IF($D$74=0,0,$D$47/(2*PI()*$D$74*$D$82)) | F94: =$D$74*(1+D94*E94)/C94 | G94: =IF(F94<=$D$80,"CUMPLE","NO CUMPLE") | J94: =IF(G94="CUMPLE",1,0)
B95: 10 pozos en línea | C95: 10 | D95: =INDEX(LAM_L,MATCH(C95,LAM_N,0)) | E95: =IF($D$74=0,0,$D$47/(2*PI()*$D$74*$D$82)) | F95: =$D$74*(1+D95*E95)/C95 | G95: =IF(F95<=$D$80,"CUMPLE","NO CUMPLE") | J95: =IF(G95="CUMPLE",1,0)
B96: NÚMERO DE POZOS NECESARIOS | C96: n | D96: =IF(OR($D$47<=0,$D$80<=0,AND(NOT($D$60),8*$D$53/$D$63<=3)),"Revise datos",IFERROR(MATCH(1,$J$86:$J$95,0),"Más de 10")) | E96: pozos
B97: Resistencia del sistema con esos pozos | C97: Rn | D97: =IF(ISNUMBER($D$96),INDEX($F$86:$F$95,$D$96),$F$95) | E97: Ω
B98: Resistencia del sistema ≤ resistencia objetivo | C98: =IF(ISNUMBER($D$96),"CUMPLE","NO CUMPLE")
B99: Volumen total de relleno | D99: =IF(ISNUMBER($D$96),$D$96,10)*$D$68 | E99: m³
B100: Dosis totales de gel químico | D100: =IF(ISNUMBER($D$96),$D$96,10)*$D$69 | E100: dosis
B101: =IF($D$96="Revise datos","Revise los datos: lecturas de Wenner (o resistividad manual), resistencia objetivo y relación entre la varilla y el pozo.",IF(ISNUMBER($D$96),"RESULTADO: "&$D$96&IF($D$96=1," pozo"," pozos en línea")&" con varilla "&$D$50&" de "&FIXED($D$53,2,TRUE)&" m y relleno «"&$D$58&"»"&IF($D$96>1,", separados "&FIXED($D$82,1,TRUE)&" m","")&": R = "&FIXED($D$97,1)&" Ω ≤ "&FIXED($D$80,1)&" Ω."&IF(AND($C$55="CUMPLE",$C$56="CUMPLE",$C$57="CUMPLE"),""," AVISO: la varilla no cumple la Regla 060-702."),"NO SE ALCANZA la resistencia objetivo ni con 10 pozos: use un relleno de menor resistividad, una varilla más larga, mayor separación o diseñe una malla."))
B103: 6. COMPARACIÓN DE RELLENOS (mismo terreno, varilla, pozo y separación)
B104: Relleno o tratamiento | C104: ρc (Ω·m) | D104: R 1 pozo (Ω) | E104: R 2 pozos (Ω) | F104: R 3 pozos (Ω) | G104: Pozos necesarios | H104: R con esos pozos (Ω)
B105: Sin pozo: varilla hincada en terreno natural | C105: =$D$47 | D105: =K105 | E105: =L105 | F105: =M105 | G105: =IFERROR(MATCH(1,U105:AD105,0),"> 10") | H105: =IF(ISNUMBER(G105),INDEX(K105:T105,G105),"—") | K105: =($D$73)/1+0.0*$D$47/(2*PI()*$D$82*1) | L105: =($D$73)/2+1.0*$D$47/(2*PI()*$D$82*2) | M105: =($D$73)/3+1.66*$D$47/(2*PI()*$D$82*3) | N105: =($D$73)/4+2.15*$D$47/(2*PI()*$D$82*4) | O105: =($D$73)/5+2.54*$D$47/(2*PI()*$D$82*5) | P105: =($D$73)/6+2.87*$D$47/(2*PI()*$D$82*6) | Q105: =($D$73)/7+3.15*$D$47/(2*PI()*$D$82*7) | R105: =($D$73)/8+3.39*$D$47/(2*PI()*$D$82*8) | S105: =($D$73)/9+3.61*$D$47/(2*PI()*$D$82*9) | T105: =($D$73)/10+3.81*$D$47/(2*PI()*$D$82*10) | U105: =IF(K105<=$D$80,1,0) | V105: =IF(L105<=$D$80,1,0) | W105: =IF(M105<=$D$80,1,0) | X105: =IF(N105<=$D$80,1,0) | Y105: =IF(O105<=$D$80,1,0) | Z105: =IF(P105<=$D$80,1,0) | AA105: =IF(Q105<=$D$80,1,0) | AB105: =IF(R105<=$D$80,1,0) | ... AD105: =IF(T105<=$D$80,1,0)
B106: Tierra de cultivo cernida, sin aditivos | C106: =INDEX(TRAT_RHO,2) | D106: =K106 | E106: =L106 | F106: =M106 | G106: =IFERROR(MATCH(1,U106:AD106,0),"> 10") | H106: =IF(ISNUMBER(G106),INDEX(K106:T106,G106),"—") | K106: =((C106*LN($D$63/$D$51)+$D$47*(LN(8*$D$53/$D$63)-1))/(2*PI()*$D$53))/1+0.0*$D$47/(2*PI()*$D$82*1) | L106: =((C106*LN($D$63/$D$51)+$D$47*(LN(8*$D$53/$D$63)-1))/(2*PI()*$D$53))/2+1.0*$D$47/(2*PI()*$D$82*2) | M106: =((C106*LN($D$63/$D$51)+$D$47*(LN(8*$D$53/$D$63)-1))/(2*PI()*$D$53))/3+1.66*$D$47/(2*PI()*$D$82*3) | N106: =((C106*LN($D$63/$D$51)+$D$47*(LN(8*$D$53/$D$63)-1))/(2*PI()*$D$53))/4+2.15*$D$47/(2*PI()*$D$82*4) | O106: =((C106*LN($D$63/$D$51)+$D$47*(LN(8*$D$53/$D$63)-1))/(2*PI()*$D$53))/5+2.54*$D$47/(2*PI()*$D$82*5) | P106: =((C106*LN($D$63/$D$51)+$D$47*(LN(8*$D$53/$D$63)-1))/(2*PI()*$D$53))/6+2.87*$D$47/(2*PI()*$D$82*6) | Q106: =((C106*LN($D$63/$D$51)+$D$47*(LN(8*$D$53/$D$63)-1))/(2*PI()*$D$53))/7+3.15*$D$47/(2*PI()*$D$82*7) | R106: =((C106*LN($D$63/$D$51)+$D$47*(LN(8*$D$53/$D$63)-1))/(2*PI()*$D$53))/8+3.39*$D$47/(2*PI()*$D$82*8) | S106: =((C106*LN($D$63/$D$51)+$D$47*(LN(8*$D$53/$D$63)-1))/(2*PI()*$D$53))/9+3.61*$D$47/(2*PI()*$D$82*9) | T106: =((C106*LN($D$63/$D$51)+$D$47*(LN(8*$D$53/$D$63)-1))/(2*PI()*$D$53))/10+3.81*$D$47/(2*PI()*$D$82*10) | U106: =IF(K106<=$D$80,1,0) | V106: =IF(L106<=$D$80,1,0) | W106: =IF(M106<=$D$80,1,0) | X106: =IF(N106<=$D$80,1,0) | Y106: =IF(O106<=$D$80,1,0) | Z106: =IF(P106<=$D$80,1,0) | AA106: =IF(Q106<=$D$80,1,0) | AB106: =IF(R106<=$D$80,1,0) | ... AD106: =IF(T106<=$D$80,1,0)
B107: Tierra de cultivo + 1 dosis de gel químico por m³ | C107: =INDEX(TRAT_RHO,3) | D107: =K107 | E107: =L107 | F107: =M107 | G107: =IFERROR(MATCH(1,U107:AD107,0),"> 10") | H107: =IF(ISNUMBER(G107),INDEX(K107:T107,G107),"—") | K107: =((C107*LN($D$63/$D$51)+$D$47*(LN(8*$D$53/$D$63)-1))/(2*PI()*$D$53))/1+0.0*$D$47/(2*PI()*$D$82*1) | L107: =((C107*LN($D$63/$D$51)+$D$47*(LN(8*$D$53/$D$63)-1))/(2*PI()*$D$53))/2+1.0*$D$47/(2*PI()*$D$82*2) | M107: =((C107*LN($D$63/$D$51)+$D$47*(LN(8*$D$53/$D$63)-1))/(2*PI()*$D$53))/3+1.66*$D$47/(2*PI()*$D$82*3) | N107: =((C107*LN($D$63/$D$51)+$D$47*(LN(8*$D$53/$D$63)-1))/(2*PI()*$D$53))/4+2.15*$D$47/(2*PI()*$D$82*4) | O107: =((C107*LN($D$63/$D$51)+$D$47*(LN(8*$D$53/$D$63)-1))/(2*PI()*$D$53))/5+2.54*$D$47/(2*PI()*$D$82*5) | P107: =((C107*LN($D$63/$D$51)+$D$47*(LN(8*$D$53/$D$63)-1))/(2*PI()*$D$53))/6+2.87*$D$47/(2*PI()*$D$82*6) | Q107: =((C107*LN($D$63/$D$51)+$D$47*(LN(8*$D$53/$D$63)-1))/(2*PI()*$D$53))/7+3.15*$D$47/(2*PI()*$D$82*7) | R107: =((C107*LN($D$63/$D$51)+$D$47*(LN(8*$D$53/$D$63)-1))/(2*PI()*$D$53))/8+3.39*$D$47/(2*PI()*$D$82*8) | S107: =((C107*LN($D$63/$D$51)+$D$47*(LN(8*$D$53/$D$63)-1))/(2*PI()*$D$53))/9+3.61*$D$47/(2*PI()*$D$82*9) | T107: =((C107*LN($D$63/$D$51)+$D$47*(LN(8*$D$53/$D$63)-1))/(2*PI()*$D$53))/10+3.81*$D$47/(2*PI()*$D$82*10) | U107: =IF(K107<=$D$80,1,0) | V107: =IF(L107<=$D$80,1,0) | W107: =IF(M107<=$D$80,1,0) | X107: =IF(N107<=$D$80,1,0) | Y107: =IF(O107<=$D$80,1,0) | Z107: =IF(P107<=$D$80,1,0) | AA107: =IF(Q107<=$D$80,1,0) | AB107: =IF(R107<=$D$80,1,0) | ... AD107: =IF(T107<=$D$80,1,0)
B108: Tierra de cultivo + 2 dosis de gel químico por m³ | C108: =INDEX(TRAT_RHO,4) | D108: =K108 | E108: =L108 | F108: =M108 | G108: =IFERROR(MATCH(1,U108:AD108,0),"> 10") | H108: =IF(ISNUMBER(G108),INDEX(K108:T108,G108),"—") | K108: =((C108*LN($D$63/$D$51)+$D$47*(LN(8*$D$53/$D$63)-1))/(2*PI()*$D$53))/1+0.0*$D$47/(2*PI()*$D$82*1) | L108: =((C108*LN($D$63/$D$51)+$D$47*(LN(8*$D$53/$D$63)-1))/(2*PI()*$D$53))/2+1.0*$D$47/(2*PI()*$D$82*2) | M108: =((C108*LN($D$63/$D$51)+$D$47*(LN(8*$D$53/$D$63)-1))/(2*PI()*$D$53))/3+1.66*$D$47/(2*PI()*$D$82*3) | N108: =((C108*LN($D$63/$D$51)+$D$47*(LN(8*$D$53/$D$63)-1))/(2*PI()*$D$53))/4+2.15*$D$47/(2*PI()*$D$82*4) | O108: =((C108*LN($D$63/$D$51)+$D$47*(LN(8*$D$53/$D$63)-1))/(2*PI()*$D$53))/5+2.54*$D$47/(2*PI()*$D$82*5) | P108: =((C108*LN($D$63/$D$51)+$D$47*(LN(8*$D$53/$D$63)-1))/(2*PI()*$D$53))/6+2.87*$D$47/(2*PI()*$D$82*6) | Q108: =((C108*LN($D$63/$D$51)+$D$47*(LN(8*$D$53/$D$63)-1))/(2*PI()*$D$53))/7+3.15*$D$47/(2*PI()*$D$82*7) | R108: =((C108*LN($D$63/$D$51)+$D$47*(LN(8*$D$53/$D$63)-1))/(2*PI()*$D$53))/8+3.39*$D$47/(2*PI()*$D$82*8) | S108: =((C108*LN($D$63/$D$51)+$D$47*(LN(8*$D$53/$D$63)-1))/(2*PI()*$D$53))/9+3.61*$D$47/(2*PI()*$D$82*9) | T108: =((C108*LN($D$63/$D$51)+$D$47*(LN(8*$D$53/$D$63)-1))/(2*PI()*$D$53))/10+3.81*$D$47/(2*PI()*$D$82*10) | U108: =IF(K108<=$D$80,1,0) | V108: =IF(L108<=$D$80,1,0) | W108: =IF(M108<=$D$80,1,0) | X108: =IF(N108<=$D$80,1,0) | Y108: =IF(O108<=$D$80,1,0) | Z108: =IF(P108<=$D$80,1,0) | AA108: =IF(Q108<=$D$80,1,0) | AB108: =IF(R108<=$D$80,1,0) | ... AD108: =IF(T108<=$D$80,1,0)
B109: Tierra de cultivo + 3 dosis de gel químico por m³ | C109: =INDEX(TRAT_RHO,5) | D109: =K109 | E109: =L109 | F109: =M109 | G109: =IFERROR(MATCH(1,U109:AD109,0),"> 10") | H109: =IF(ISNUMBER(G109),INDEX(K109:T109,G109),"—") | K109: =((C109*LN($D$63/$D$51)+$D$47*(LN(8*$D$53/$D$63)-1))/(2*PI()*$D$53))/1+0.0*$D$47/(2*PI()*$D$82*1) | L109: =((C109*LN($D$63/$D$51)+$D$47*(LN(8*$D$53/$D$63)-1))/(2*PI()*$D$53))/2+1.0*$D$47/(2*PI()*$D$82*2) | M109: =((C109*LN($D$63/$D$51)+$D$47*(LN(8*$D$53/$D$63)-1))/(2*PI()*$D$53))/3+1.66*$D$47/(2*PI()*$D$82*3) | N109: =((C109*LN($D$63/$D$51)+$D$47*(LN(8*$D$53/$D$63)-1))/(2*PI()*$D$53))/4+2.15*$D$47/(2*PI()*$D$82*4) | O109: =((C109*LN($D$63/$D$51)+$D$47*(LN(8*$D$53/$D$63)-1))/(2*PI()*$D$53))/5+2.54*$D$47/(2*PI()*$D$82*5) | P109: =((C109*LN($D$63/$D$51)+$D$47*(LN(8*$D$53/$D$63)-1))/(2*PI()*$D$53))/6+2.87*$D$47/(2*PI()*$D$82*6) | Q109: =((C109*LN($D$63/$D$51)+$D$47*(LN(8*$D$53/$D$63)-1))/(2*PI()*$D$53))/7+3.15*$D$47/(2*PI()*$D$82*7) | R109: =((C109*LN($D$63/$D$51)+$D$47*(LN(8*$D$53/$D$63)-1))/(2*PI()*$D$53))/8+3.39*$D$47/(2*PI()*$D$82*8) | S109: =((C109*LN($D$63/$D$51)+$D$47*(LN(8*$D$53/$D$63)-1))/(2*PI()*$D$53))/9+3.61*$D$47/(2*PI()*$D$82*9) | T109: =((C109*LN($D$63/$D$51)+$D$47*(LN(8*$D$53/$D$63)-1))/(2*PI()*$D$53))/10+3.81*$D$47/(2*PI()*$D$82*10) | U109: =IF(K109<=$D$80,1,0) | V109: =IF(L109<=$D$80,1,0) | W109: =IF(M109<=$D$80,1,0) | X109: =IF(N109<=$D$80,1,0) | Y109: =IF(O109<=$D$80,1,0) | Z109: =IF(P109<=$D$80,1,0) | AA109: =IF(Q109<=$D$80,1,0) | AB109: =IF(R109<=$D$80,1,0) | ... AD109: =IF(T109<=$D$80,1,0)
B110: Tierra de cultivo + bentonita sódica | C110: =INDEX(TRAT_RHO,6) | D110: =K110 | E110: =L110 | F110: =M110 | G110: =IFERROR(MATCH(1,U110:AD110,0),"> 10") | H110: =IF(ISNUMBER(G110),INDEX(K110:T110,G110),"—") | K110: =((C110*LN($D$63/$D$51)+$D$47*(LN(8*$D$53/$D$63)-1))/(2*PI()*$D$53))/1+0.0*$D$47/(2*PI()*$D$82*1) | L110: =((C110*LN($D$63/$D$51)+$D$47*(LN(8*$D$53/$D$63)-1))/(2*PI()*$D$53))/2+1.0*$D$47/(2*PI()*$D$82*2) | M110: =((C110*LN($D$63/$D$51)+$D$47*(LN(8*$D$53/$D$63)-1))/(2*PI()*$D$53))/3+1.66*$D$47/(2*PI()*$D$82*3) | N110: =((C110*LN($D$63/$D$51)+$D$47*(LN(8*$D$53/$D$63)-1))/(2*PI()*$D$53))/4+2.15*$D$47/(2*PI()*$D$82*4) | O110: =((C110*LN($D$63/$D$51)+$D$47*(LN(8*$D$53/$D$63)-1))/(2*PI()*$D$53))/5+2.54*$D$47/(2*PI()*$D$82*5) | P110: =((C110*LN($D$63/$D$51)+$D$47*(LN(8*$D$53/$D$63)-1))/(2*PI()*$D$53))/6+2.87*$D$47/(2*PI()*$D$82*6) | Q110: =((C110*LN($D$63/$D$51)+$D$47*(LN(8*$D$53/$D$63)-1))/(2*PI()*$D$53))/7+3.15*$D$47/(2*PI()*$D$82*7) | R110: =((C110*LN($D$63/$D$51)+$D$47*(LN(8*$D$53/$D$63)-1))/(2*PI()*$D$53))/8+3.39*$D$47/(2*PI()*$D$82*8) | S110: =((C110*LN($D$63/$D$51)+$D$47*(LN(8*$D$53/$D$63)-1))/(2*PI()*$D$53))/9+3.61*$D$47/(2*PI()*$D$82*9) | T110: =((C110*LN($D$63/$D$51)+$D$47*(LN(8*$D$53/$D$63)-1))/(2*PI()*$D$53))/10+3.81*$D$47/(2*PI()*$D$82*10) | U110: =IF(K110<=$D$80,1,0) | V110: =IF(L110<=$D$80,1,0) | W110: =IF(M110<=$D$80,1,0) | X110: =IF(N110<=$D$80,1,0) | Y110: =IF(O110<=$D$80,1,0) | Z110: =IF(P110<=$D$80,1,0) | AA110: =IF(Q110<=$D$80,1,0) | AB110: =IF(R110<=$D$80,1,0) | ... AD110: =IF(T110<=$D$80,1,0)
B111: Cemento conductivo / relleno a base de carbono | C111: =INDEX(TRAT_RHO,7) | D111: =K111 | E111: =L111 | F111: =M111 | G111: =IFERROR(MATCH(1,U111:AD111,0),"> 10") | H111: =IF(ISNUMBER(G111),INDEX(K111:T111,G111),"—") | K111: =((C111*LN($D$63/$D$51)+$D$47*(LN(8*$D$53/$D$63)-1))/(2*PI()*$D$53))/1+0.0*$D$47/(2*PI()*$D$82*1) | L111: =((C111*LN($D$63/$D$51)+$D$47*(LN(8*$D$53/$D$63)-1))/(2*PI()*$D$53))/2+1.0*$D$47/(2*PI()*$D$82*2) | M111: =((C111*LN($D$63/$D$51)+$D$47*(LN(8*$D$53/$D$63)-1))/(2*PI()*$D$53))/3+1.66*$D$47/(2*PI()*$D$82*3) | N111: =((C111*LN($D$63/$D$51)+$D$47*(LN(8*$D$53/$D$63)-1))/(2*PI()*$D$53))/4+2.15*$D$47/(2*PI()*$D$82*4) | O111: =((C111*LN($D$63/$D$51)+$D$47*(LN(8*$D$53/$D$63)-1))/(2*PI()*$D$53))/5+2.54*$D$47/(2*PI()*$D$82*5) | P111: =((C111*LN($D$63/$D$51)+$D$47*(LN(8*$D$53/$D$63)-1))/(2*PI()*$D$53))/6+2.87*$D$47/(2*PI()*$D$82*6) | Q111: =((C111*LN($D$63/$D$51)+$D$47*(LN(8*$D$53/$D$63)-1))/(2*PI()*$D$53))/7+3.15*$D$47/(2*PI()*$D$82*7) | R111: =((C111*LN($D$63/$D$51)+$D$47*(LN(8*$D$53/$D$63)-1))/(2*PI()*$D$53))/8+3.39*$D$47/(2*PI()*$D$82*8) | S111: =((C111*LN($D$63/$D$51)+$D$47*(LN(8*$D$53/$D$63)-1))/(2*PI()*$D$53))/9+3.61*$D$47/(2*PI()*$D$82*9) | T111: =((C111*LN($D$63/$D$51)+$D$47*(LN(8*$D$53/$D$63)-1))/(2*PI()*$D$53))/10+3.81*$D$47/(2*PI()*$D$82*10) | U111: =IF(K111<=$D$80,1,0) | V111: =IF(L111<=$D$80,1,0) | W111: =IF(M111<=$D$80,1,0) | X111: =IF(N111<=$D$80,1,0) | Y111: =IF(O111<=$D$80,1,0) | Z111: =IF(P111<=$D$80,1,0) | AA111: =IF(Q111<=$D$80,1,0) | AB111: =IF(R111<=$D$80,1,0) | ... AD111: =IF(T111<=$D$80,1,0)
B112: Valores de ρc referenciales (ver TABLAS). Para el expediente, use la resistividad que garantice el fabricante del producto especificado.
B114: 7. CONDUCTOR DE PUESTA A TIERRA Y RECOMENDACIONES
B115: Capacidad de conducción del conductor de acometida de mayor sección | C115: Iz | D115: 76 | E115: A | F115: Iz·F del conductor (ver hoja CAIDA_TENSION); Nota de la Tabla 17
B116: SECCIÓN MÍNIMA DEL CONDUCTOR DE PUESTA A TIERRA · CNE-U Tabla 17 | C116: Spat | D116: =INDEX(T17_SEC,COUNTIF(T17_HASTA,"<"&$D$115)+1) | E116: mm² | F116: Cobre; Reglas 060-204, 060-206 y 060-812
B117: • 060-712: si un electrodo simple supera 25 Ω, se instala un electrodo adicional a no menos de 2 m (o a la longitud del electrodo) o se emplea otro método. 060-806: el conductor de puesta a tierra no lleva uniones ni empalmes.
B118: • Construido el sistema, mida la resistencia con telurómetro (método de caída de potencial, electrodo de potencial al 62 % de la distancia al electrodo de corriente) y anote el valor en el protocolo de pruebas.
B119: • Relleno: tierra de cultivo cernida (malla de 1/2"), sin piedras, compactada en capas de 0.20 a 0.30 m, aplicando el tratamiento según el fabricante. Caja de registro con tapa para la inspección y el mantenimiento (anual sugerido).
B120: • El cálculo supone terreno homogéneo de resistividad ρ. En terrenos estratificados o con roca, use un estudio de resistividad de dos capas o un programa especializado.

Sheet ILUMINACION
B1: ILUMINACIÓN DE INTERIORES · MÉTODO DE LOS LÚMENES
B2: ALF_BIM · Calculadoras IIEE ALF · NTE EM.010-2019 (R.M. 083-2019-VIVIENDA) · v1.0.0
B3: Proyecto | C3: =INICIO!$D$7
B4: Ubicación | C4: =INICIO!$D$9
B5: Ambiente | C5: OFICINA ADMINISTRATIVA · 1.er PISO (EJEMPLO)
B6: Proyectista | C6: =INICIO!$D$10&IF(INICIO!$D$11="",""," · CIP "&INICIO!$D$11)
B7: Fecha | C7: =INICIO!$D$12
B10: 1. REQUISITOS DE LA EM.010 (Art. 6 y Anexo «Requisitos mínimos de iluminación»)
B11: Uso de la edificación (sección del Anexo) | D11: 6. Oficinas
B12: Tipo de interior, tarea o actividad | D12: Escritura, mecanografía, lectura, procesamiento de datos
B13: Fila en la tabla | D13: =IFERROR(MATCH($D$11&"|"&$D$12,EM_KEY,0),0)
B14: Iluminancia mantenida mínima de la norma | C14: Em | D14: =IF($D$13=0,"Elija el ambiente de la lista",INDEX(EM_E,$D$13)) | E14: lx | F14: Art. 6.6 y 6.7: valor mínimo medio mantenido
B15: Índice de deslumbramiento unificado máximo | C15: UGRL | D15: =IF($D$13=0,"—",INDEX(EM_UGR,$D$13)) | F15: Verifíquelo con la fotometría (DIALux, Relux)
B16: Uniformidad mínima (Emín/Em) | C16: Uo | D16: =IF($D$13=0,"—",INDEX(EM_UO,$D$13)) | F16: Verifíquela con la fotometría
B17: Índice de reproducción cromática mínimo | C17: Ra | D17: =IF($D$13=0,"—",INDEX(EM_RA,$D$13))
B18: Iluminancia de diseño del proyectista (opcional) | C18: Eman | E18: lx | F18: Solo si desea diseñar con un valor mayor
B19: ILUMINANCIA DE DISEÑO | C19: E | D19: =IF(N($D$18)>0,$D$18,IF(ISNUMBER($D$14),$D$14,0)) | E19: lx
B20: La iluminancia de diseño no es menor que la de la norma | C20: =IF(AND($D$19>0,OR(NOT(ISNUMBER($D$14)),$D$19>=$D$14)),"CUMPLE","Elija el ambiente de la lista")
B22: 2. GEOMETRÍA DEL LOCAL
B23: Largo del local | C23: a | D23: 6 | E23: m
B24: Ancho del local | C24: b | D24: 5 | E24: m
B25: Altura del local (piso a techo) | C25: H | D25: 2.8 | E25: m
B26: Altura del plano de trabajo | C26: hpt | D26: 0.8 | E26: m | F26: 0.80 m en escritorios y aulas; 0.00 m en pasillos
B27: Suspensión de la luminaria bajo el techo | C27: hs | D27: 0 | E27: m | F27: 0 si es empotrada o adosada
B28: Área del local | C28: A | D28: =$D$23*$D$24 | E28: m²
B29: Altura de montaje sobre el plano de trabajo | C29: h | D29: =$D$25-$D$26-$D$27 | E29: m
B30: Altura de montaje positiva | C30: =IF($D$29>0,"CUMPLE","NO CUMPLE")
B31: Índice del local K = a·b / [h·(a + b)] | C31: K | D31: =IF($D$29>0,$D$23*$D$24/($D$29*($D$23+$D$24)),0)
B33: 3. REFLECTANCIAS, LUMINARIA Y FACTORES
B34: Reflectancias techo / paredes / suelo | C34: ρ | D34: 0.7 / 0.5 / 0.2
B35: Luminaria (catálogo de TABLAS) | D35: Panel LED 60×60 cm, 40 W
B36: Flujo luminoso de la luminaria del fabricante (opcional) | C36: Φman | E36: lm
B37: Potencia de la luminaria del fabricante (opcional) | C37: Pman | E37: W
B38: Ra de la luminaria del fabricante (opcional) | C38: Ra,man
B39: Fila del catálogo | D39: =MATCH($D$35,LUM_NOM,0)
B40: Flujo luminoso por luminaria | C40: Φ | D40: =IF(N($D$36)>0,$D$36,INDEX(LUM_FLU,$D$39)) | E40: lm
B41: Potencia por luminaria | C41: P | D41: =IF(N($D$37)>0,$D$37,INDEX(LUM_W,$D$39)) | E41: W
B42: Ra de la luminaria | C42: Ra | D42: =IF(N($D$38)>0,$D$38,INDEX(LUM_RA,$D$39))
B43: Distribución luminosa | D43: =IF(INDEX(LUM_DIS,$D$39)=2,"Concentrada","Difusa")
B44: Factor de utilización de la tabla genérica (interpolado) | C44: CUt | D44: =P44 | F44: Tabla referencial de ALF_BIM (ver TABLAS) | K44: =MIN(5,MAX(0.3,$D$31)) | L44: =MATCH(K44,CU_K,1) | M44: =(INDEX(LUM_DIS,$D$39)-1)*10+MATCH($D$34,REFL_NOM,0) | N44: =INDEX(CU_TAB,M44,L44) | O44: =INDEX(CU_TAB,M44,MIN(L44+1,13)) | P44: =IF(L44>=13,N44,N44+(O44-N44)*(K44-INDEX(CU_K,L44))/(INDEX(CU_K,L44+1)-INDEX(CU_K,L44)))
B45: Factor de utilización del fabricante (recomendado) | C45: CUf | F45: De la tabla fotométrica de la luminaria
B46: Factor de utilización adoptado | C46: CU | D46: =IF(N($D$45)>0,$D$45,$D$44)
B47: Índice del local dentro de la tabla genérica (K ≥ 0.3) | C47: =IF(N($D$45)>0,"—",IF($D$31>=0.3,"CUMPLE","AVISO: K < 0.3, use el CU del fabricante"))
B48: Factor de mantenimiento (EM.010 Art. 6.5) | D48: Ambiente limpio, LED, limpieza anual (oficinas, aulas, salud)
B49: Factor de mantenimiento del proyectista (solo con «Valor del proyectista») | C49: FMman
B50: Factor de mantenimiento adoptado | C50: FM | D50: =IF(INDEX(FM_VAL,MATCH($D$48,FM_NOM,0))="",N($D$49),INDEX(FM_VAL,MATCH($D$48,FM_NOM,0))) | F50: Anote en la memoria los supuestos de limpieza y reposición
B52: 4. NÚMERO Y DISTRIBUCIÓN DE LUMINARIAS
B53: Método de los lúmenes: N = E·A / (Φ·CU·FM). Distribución: Nx ≈ √(N·a/b) luminarias a lo largo y Ny = N/Nx a lo ancho (entre cuatro grillas cercanas se elige la de menos luminarias que cumple la separación máxima); separación a/Nx y b/Ny, y la mitad junto a las paredes.
B54: Número de luminarias calculado | C54: Nc | D54: =IF($D$40*$D$46*$D$50=0,0,$D$19*$D$28/($D$40*$D$46*$D$50))
B55: Relación separación/altura máxima de la luminaria | C55: SHR | D55: 1.5 | F55: Del fabricante; 1.5 si no se conoce
B56: Luminarias a lo largo (automático) | D56: =INDEX($K$56:$K$59,$N$56) | F56: Grilla con menos luminarias que respeta SHR·h y dx/dy ≤ 2 | K56: =MAX(1,$P$56-1+0) | L56: =MAX(1,ROUNDUP($D$54/K56,0)) | M56: =IF(AND(MAX($D$23/K56,$D$24/L56)<=$D$55*$D$29,MAX($D$23/K56,$D$24/L56)<=2*MIN($D$23/K56,$D$24/L56)),K56*L56+ABS(LN($D$23/K56/$D$24/L56))/100,10000+MAX($D$23/K56,$D$24/L56)) | N56: =MATCH(MIN($M$56:$M$59),$M$56:$M$59,0) | P56: =MAX(1,INT(SQRT($D$54*$D$23/$D$24)))
B57: Luminarias a lo ancho (automático) | D57: =INDEX($L$56:$L$59,$N$56) | K57: =MAX(1,$P$56-1+1) | L57: =MAX(1,ROUNDUP($D$54/K57,0)) | M57: =IF(AND(MAX($D$23/K57,$D$24/L57)<=$D$55*$D$29,MAX($D$23/K57,$D$24/L57)<=2*MIN($D$23/K57,$D$24/L57)),K57*L57+ABS(LN($D$23/K57/$D$24/L57))/100,10000+MAX($D$23/K57,$D$24/L57))
B58: Luminarias a lo largo del proyectista (opcional) | K58: =MAX(1,$P$56-1+2) | L58: =MAX(1,ROUNDUP($D$54/K58,0)) | M58: =IF(AND(MAX($D$23/K58,$D$24/L58)<=$D$55*$D$29,MAX($D$23/K58,$D$24/L58)<=2*MIN($D$23/K58,$D$24/L58)),K58*L58+ABS(LN($D$23/K58/$D$24/L58))/100,10000+MAX($D$23/K58,$D$24/L58))
B59: Luminarias a lo ancho del proyectista (opcional) | K59: =MAX(1,$P$56-1+3) | L59: =MAX(1,ROUNDUP($D$54/K59,0)) | M59: =IF(AND(MAX($D$23/K59,$D$24/L59)<=$D$55*$D$29,MAX($D$23/K59,$D$24/L59)<=2*MIN($D$23/K59,$D$24/L59)),K59*L59+ABS(LN($D$23/K59/$D$24/L59))/100,10000+MAX($D$23/K59,$D$24/L59))
B60: Luminarias a lo largo adoptadas | C60: Nx | D60: =IF(N($D$58)>0,ROUND($D$58,0),$D$56)
B61: Luminarias a lo ancho adoptadas | C61: Ny | D61: =IF(N($D$59)>0,ROUND($D$59,0),$D$57)
B62: NÚMERO DE LUMINARIAS | C62: N | D62: =$D$60*$D$61
B63: ILUMINANCIA MEDIA MANTENIDA OBTENIDA | C63: Em | D63: =IF($D$28=0,0,$D$62*$D$40*$D$46*$D$50/$D$28) | E63: lx
B64: Em obtenida ≥ E de diseño (EM.010 Art. 6.7) | C64: =IF(AND($D$19>0,$D$63>=$D$19),"CUMPLE","NO CUMPLE")
B65: Exceso sobre la iluminancia de diseño | D65: =IF($D$19=0,0,$D$63/$D$19-1)
B66: Separación a lo largo (a/Nx) | C66: dx | D66: =$D$23/$D$60 | E66: m | F66: Junto a las paredes: dx/2
B67: Separación a lo ancho (b/Ny) | C67: dy | D67: =$D$24/$D$61 | E67: m | F67: Junto a las paredes: dy/2
B68: Separación máxima ≤ SHR·h (uniformidad) | C68: =IF(MAX($D$66,$D$67)<=$D$55*$D$29,"CUMPLE","NO CUMPLE")
B69: Ra de la luminaria ≥ Ra de la norma | C69: =IF(NOT(ISNUMBER($D$17)),"—",IF($D$42>=$D$17,"CUMPLE","NO CUMPLE"))
B70: La EM.010 (Art. 6.8) pide, cuando se calcula con programa, adjuntar el archivo, los parámetros y los resultados. El método de los lúmenes da la iluminancia media; el UGRL y la Uo se verifican con la fotometría de la luminaria (DIALux, Relux).
B72: 5. POTENCIA Y EFICIENCIA
B73: Potencia instalada de alumbrado | C73: Pt | D73: =$D$62*$D$41 | E73: W
B74: Densidad de potencia | D74: =IF($D$28=0,0,$D$73/$D$28) | E74: W/m²
B75: Potencia por cada 100 lx | D75: =IF($D$63=0,0,$D$74/($D$63/100)) | E75: W/m²·100 lx
B76: ="RESULTADO: "&$D$62&" luminarias «"&$D$35&"» ("&$D$60&" × "&$D$61&"), Em = "&FIXED($D$63,0,TRUE)&" lx frente a "&FIXED($D$19,0,TRUE)&" lx requeridos; "&FIXED($D$73,0)&" W ("&FIXED($D$74,1,TRUE)&" W/m²)."
B78: 6. DISTRIBUCIÓN EN PLANTA (esquema)
B100: Luminarias (cuadros amarillos) a dx/2 y dy/2 de las paredes. Esquema sin escala exacta; ubique las luminarias en el plano respetando vigas, ductos y el mobiliario.
K118: x | L118: y
K119: =IF(AND(1<=$D$60,1<=$D$61),(1-0.5)*$D$66,NA()) | L119: =IF(AND(1<=$D$60,1<=$D$61),(1-0.5)*$D$67,NA())
K120: =IF(AND(1<=$D$60,2<=$D$61),(1-0.5)*$D$66,NA()) | L120: =IF(AND(1<=$D$60,2<=$D$61),(2-0.5)*$D$67,NA())
K121: =IF(AND(1<=$D$60,3<=$D$61),(1-0.5)*$D$66,NA()) | L121: =IF(AND(1<=$D$60,3<=$D$61),(3-0.5)*$D$67,NA())
K122: =IF(AND(1<=$D$60,4<=$D$61),(1-0.5)*$D$66,NA()) | L122: =IF(AND(1<=$D$60,4<=$D$61),(4-0.5)*$D$67,NA())
K123: =IF(AND(1<=$D$60,5<=$D$61),(1-0.5)*$D$66,NA()) | L123: =IF(AND(1<=$D$60,5<=$D$61),(5-0.5)*$D$67,NA())
K124: =IF(AND(1<=$D$60,6<=$D$61),(1-0.5)*$D$66,NA()) | L124: =IF(AND(1<=$D$60,6<=$D$61),(6-0.5)*$D$67,NA())
K125: =IF(AND(1<=$D$60,7<=$D$61),(1-0.5)*$D$66,NA()) | L125: =IF(AND(1<=$D$60,7<=$D$61),(7-0.5)*$D$67,NA())
K126: =IF(AND(1<=$D$60,8<=$D$61),(1-0.5)*$D$66,NA()) | L126: =IF(AND(1<=$D$60,8<=$D$61),(8-0.5)*$D$67,NA())
K127: =IF(AND(1<=$D$60,9<=$D$61),(1-0.5)*$D$66,NA()) | L127: =IF(AND(1<=$D$60,9<=$D$61),(9-0.5)*$D$67,NA())
K128: =IF(AND(1<=$D$60,10<=$D$61),(1-0.5)*$D$66,NA()) | L128: =IF(AND(1<=$D$60,10<=$D$61),(10-0.5)*$D$67,NA())
K129: =IF(AND(1<=$D$60,11<=$D$61),(1-0.5)*$D$66,NA()) | L129: =IF(AND(1<=$D$60,11<=$D$61),(11-0.5)*$D$67,NA())
K130: =IF(AND(1<=$D$60,12<=$D$61),(1-0.5)*$D$66,NA()) | L130: =IF(AND(1<=$D$60,12<=$D$61),(12-0.5)*$D$67,NA())
K131: =IF(AND(1<=$D$60,13<=$D$61),(1-0.5)*$D$66,NA()) | L131: =IF(AND(1<=$D$60,13<=$D$61),(13-0.5)*$D$67,NA())
K132: =IF(AND(1<=$D$60,14<=$D$61),(1-0.5)*$D$66,NA()) | L132: =IF(AND(1<=$D$60,14<=$D$61),(14-0.5)*$D$67,NA())
K133: =IF(AND(1<=$D$60,15<=$D$61),(1-0.5)*$D$66,NA()) | L133: =IF(AND(1<=$D$60,15<=$D$61),(15-0.5)*$D$67,NA())
K134: =IF(AND(2<=$D$60,1<=$D$61),(2-0.5)*$D$66,NA()) | L134: =IF(AND(2<=$D$60,1<=$D$61),(1-0.5)*$D$67,NA())
K135: =IF(AND(2<=$D$60,2<=$D$61),(2-0.5)*$D$66,NA()) | L135: =IF(AND(2<=$D$60,2<=$D$61),(2-0.5)*$D$67,NA())
K136: =IF(AND(2<=$D$60,3<=$D$61),(2-0.5)*$D$66,NA()) | L136: =IF(AND(2<=$D$60,3<=$D$61),(3-0.5)*$D$67,NA())
K137: =IF(AND(2<=$D$60,4<=$D$61),(2-0.5)*$D$66,NA()) | L137: =IF(AND(2<=$D$60,4<=$D$61),(4-0.5)*$D$67,NA())
K138: =IF(AND(2<=$D$60,5<=$D$61),(2-0.5)*$D$66,NA()) | L138: =IF(AND(2<=$D$60,5<=$D$61),(5-0.5)*$D$67,NA())
K139: =IF(AND(2<=$D$60,6<=$D$61),(2-0.5)*$D$66,NA()) | L139: =IF(AND(2<=$D$60,6<=$D$61),(6-0.5)*$D$67,NA())
K140: =IF(AND(2<=$D$60,7<=$D$61),(2-0.5)*$D$66,NA()) | L140: =IF(AND(2<=$D$60,7<=$D$61),(7-0.5)*$D$67,NA())
K141: =IF(AND(2<=$D$60,8<=$D$61),(2-0.5)*$D$66,NA()) | L141: =IF(AND(2<=$D$60,8<=$D$61),(8-0.5)*$D$67,NA())
K142: =IF(AND(2<=$D$60,9<=$D$61),(2-0.5)*$D$66,NA()) | L142: =IF(AND(2<=$D$60,9<=$D$61),(9-0.5)*$D$67,NA())
K143: =IF(AND(2<=$D$60,10<=$D$61),(2-0.5)*$D$66,NA()) | L143: =IF(AND(2<=$D$60,10<=$D$61),(10-0.5)*$D$67,NA())
K144: =IF(AND(2<=$D$60,11<=$D$61),(2-0.5)*$D$66,NA()) | L144: =IF(AND(2<=$D$60,11<=$D$61),(11-0.5)*$D$67,NA())
K145: =IF(AND(2<=$D$60,12<=$D$61),(2-0.5)*$D$66,NA()) | L145: =IF(AND(2<=$D$60,12<=$D$61),(12-0.5)*$D$67,NA())
...

Sheet ILUM_AMBIENTES
B1: CUADRO DE ILUMINACIÓN POR AMBIENTES · MÉTODO DE LOS LÚMENES · NTE EM.010-2019
B2: ALF_BIM · Calculadoras IIEE ALF · v1.0.0
B3: Proyecto | D3: =INICIO!$D$7
B4: Ubicación | D4: =INICIO!$D$9
B5: Proyectista | D5: =INICIO!$D$10&IF(INICIO!$D$11="",""," · CIP "&INICIO!$D$11)
B6: Fecha | D6: =INICIO!$D$12
B8: DATOS COMUNES
C9: Plano de trabajo por defecto (m) | F9: 0.8 | I9: Elija el uso y luego el tipo de interior (la lista se filtra por uso). Em de la EM.010-2019. Plano de trabajo: 0.80 m en escritorios y aulas, 0.00 m en pasillos, escaleras y baños (columna opcional por ambiente). FM: 0.70 normal, 0.80 limpio (oficinas, aulas, salud). Luminarias del catálogo de TABLAS (edítelo con los datos del fabricante). Más detalle: hoja ILUMINACION.
C10: Reflectancias techo/pared/suelo | F10: 0.7 / 0.5 / 0.2
C11: Factor de mantenimiento | F11: 0.7
B13: N.° | C13: Ambiente | D13: Uso (EM.010) | E13: Tipo de interior, tarea o actividad | F13: Em norma (lx) | G13: Largo a (m) | H13: Ancho b (m) | I13: Altura H (m) | J13: Plano de trabajo (m) (opcional) | K13: Luminaria | L13: K | M13: CU | N13: N calc. | O13: N propuesto (opcional) | P13: N adoptado | Q13: Em obtenida (lx) | R13: Potencia (W) | S13: W/m² | T13: Estado
B14: 1 | C14: Sala-comedor | D14: 1. Vivienda | E14: Sala, sala de estar | F14: =IF(C14="","",IF(W14=0,"Elija el tipo",INDEX(EM_E,W14))) | G14: 6 | H14: 4 | I14: 2.6 | K14: Plafón LED 24 W | L14: =IF(X14=1,Y14,"") | M14: =IF(X14=1,AF14,"") | N14: =IF(X14=1,F14*G14*H14/(INDEX(LUM_FLU,Z14)*M14*$F$11),"") | P14: =IF(X14=1,IF(N(O14)>0,ROUND(O14,0),MAX(1,ROUNDUP(N14,0))),"") | Q14: =IF(X14=1,P14*INDEX(LUM_FLU,Z14)*M14*$F$11/(G14*H14),"") | R14: =IF(X14=1,P14*INDEX(LUM_W,Z14),"") | S14: =IF(X14=1,R14/(G14*H14),"") | T14: =IF(C14="","",IF(X14=0,"REVISAR datos",IF(Q14>=F14,IF(Y14<0.3,"AVISO: K < 0.3","CUMPLE"),"NO CUMPLE"))) | W14: =IFERROR(MATCH(D14&"|"&E14,EM_KEY,0),0) | X14: =IF(AND(C14<>"",ISNUMBER(F14),N(G14)>0,N(H14)>0,N(I14)>AH14,K14<>""),1,0) | Y14: =IF(X14=1,G14*H14/((I14-AH14)*(G14+H14)),0) | Z14: =IF(X14=1,MATCH(K14,LUM_NOM,0),1) | AA14: =MIN(5,MAX(0.3,Y14)) | AB14: =MATCH(AA14,CU_K,1) | AC14: =(INDEX(LUM_DIS,Z14)-1)*10+MATCH($F$10,REFL_NOM,0) | AD14: =INDEX(CU_TAB,AC14,AB14) | AE14: =INDEX(CU_TAB,AC14,MIN(AB14+1,13)) | AF14: =IF(AB14>=13,AD14,AD14+(AE14-AD14)*(AA14-INDEX(CU_K,AB14))/(INDEX(CU_K,AB14+1)-INDEX(CU_K,AB14))) | AH14: =IF(ISNUMBER(J14),J14,$F$9)
B15: 2 | C15: Cocina | D15: 1. Vivienda | E15: Cocina | F15: =IF(C15="","",IF(W15=0,"Elija el tipo",INDEX(EM_E,W15))) | G15: 3.5 | H15: 2.8 | I15: 2.6 | K15: Plafón LED 24 W | L15: =IF(X15=1,Y15,"") | M15: =IF(X15=1,AF15,"") | N15: =IF(X15=1,F15*G15*H15/(INDEX(LUM_FLU,Z15)*M15*$F$11),"") | P15: =IF(X15=1,IF(N(O15)>0,ROUND(O15,0),MAX(1,ROUNDUP(N15,0))),"") | Q15: =IF(X15=1,P15*INDEX(LUM_FLU,Z15)*M15*$F$11/(G15*H15),"") | R15: =IF(X15=1,P15*INDEX(LUM_W,Z15),"") | S15: =IF(X15=1,R15/(G15*H15),"") | T15: =IF(C15="","",IF(X15=0,"REVISAR datos",IF(Q15>=F15,IF(Y15<0.3,"AVISO: K < 0.3","CUMPLE"),"NO CUMPLE"))) | W15: =IFERROR(MATCH(D15&"|"&E15,EM_KEY,0),0) | X15: =IF(AND(C15<>"",ISNUMBER(F15),N(G15)>0,N(H15)>0,N(I15)>AH15,K15<>""),1,0) | Y15: =IF(X15=1,G15*H15/((I15-AH15)*(G15+H15)),0) | Z15: =IF(X15=1,MATCH(K15,LUM_NOM,0),1) | AA15: =MIN(5,MAX(0.3,Y15)) | AB15: =MATCH(AA15,CU_K,1) | AC15: =(INDEX(LUM_DIS,Z15)-1)*10+MATCH($F$10,REFL_NOM,0) | AD15: =INDEX(CU_TAB,AC15,AB15) | AE15: =INDEX(CU_TAB,AC15,MIN(AB15+1,13)) | AF15: =IF(AB15>=13,AD15,AD15+(AE15-AD15)*(AA15-INDEX(CU_K,AB15))/(INDEX(CU_K,AB15+1)-INDEX(CU_K,AB15))) | AH15: =IF(ISNUMBER(J15),J15,$F$9)
B16: 3 | C16: Dormitorio principal | D16: 1. Vivienda | E16: Dormitorio | F16: =IF(C16="","",IF(W16=0,"Elija el tipo",INDEX(EM_E,W16))) | G16: 4 | H16: 3.5 | I16: 2.6 | K16: Plafón LED 18 W | L16: =IF(X16=1,Y16,"") | M16: =IF(X16=1,AF16,"") | N16: =IF(X16=1,F16*G16*H16/(INDEX(LUM_FLU,Z16)*M16*$F$11),"") | P16: =IF(X16=1,IF(N(O16)>0,ROUND(O16,0),MAX(1,ROUNDUP(N16,0))),"") | Q16: =IF(X16=1,P16*INDEX(LUM_FLU,Z16)*M16*$F$11/(G16*H16),"") | R16: =IF(X16=1,P16*INDEX(LUM_W,Z16),"") | S16: =IF(X16=1,R16/(G16*H16),"") | T16: =IF(C16="","",IF(X16=0,"REVISAR datos",IF(Q16>=F16,IF(Y16<0.3,"AVISO: K < 0.3","CUMPLE"),"NO CUMPLE"))) | W16: =IFERROR(MATCH(D16&"|"&E16,EM_KEY,0),0) | X16: =IF(AND(C16<>"",ISNUMBER(F16),N(G16)>0,N(H16)>0,N(I16)>AH16,K16<>""),1,0) | Y16: =IF(X16=1,G16*H16/((I16-AH16)*(G16+H16)),0) | Z16: =IF(X16=1,MATCH(K16,LUM_NOM,0),1) | AA16: =MIN(5,MAX(0.3,Y16)) | AB16: =MATCH(AA16,CU_K,1) | AC16: =(INDEX(LUM_DIS,Z16)-1)*10+MATCH($F$10,REFL_NOM,0) | AD16: =INDEX(CU_TAB,AC16,AB16) | AE16: =INDEX(CU_TAB,AC16,MIN(AB16+1,13)) | AF16: =IF(AB16>=13,AD16,AD16+(AE16-AD16)*(AA16-INDEX(CU_K,AB16))/(INDEX(CU_K,AB16+1)-INDEX(CU_K,AB16))) | AH16: =IF(ISNUMBER(J16),J16,$F$9)
B17: 4 | C17: Baño | D17: 1. Vivienda | E17: Baño | F17: =IF(C17="","",IF(W17=0,"Elija el tipo",INDEX(EM_E,W17))) | G17: 2.4 | H17: 1.8 | I17: 2.6 | J17: 0 | K17: Plafón LED 18 W | L17: =IF(X17=1,Y17,"") | M17: =IF(X17=1,AF17,"") | N17: =IF(X17=1,F17*G17*H17/(INDEX(LUM_FLU,Z17)*M17*$F$11),"") | P17: =IF(X17=1,IF(N(O17)>0,ROUND(O17,0),MAX(1,ROUNDUP(N17,0))),"") | Q17: =IF(X17=1,P17*INDEX(LUM_FLU,Z17)*M17*$F$11/(G17*H17),"") | R17: =IF(X17=1,P17*INDEX(LUM_W,Z17),"") | S17: =IF(X17=1,R17/(G17*H17),"") | T17: =IF(C17="","",IF(X17=0,"REVISAR datos",IF(Q17>=F17,IF(Y17<0.3,"AVISO: K < 0.3","CUMPLE"),"NO CUMPLE"))) | W17: =IFERROR(MATCH(D17&"|"&E17,EM_KEY,0),0) | X17: =IF(AND(C17<>"",ISNUMBER(F17),N(G17)>0,N(H17)>0,N(I17)>AH17,K17<>""),1,0) | Y17: =IF(X17=1,G17*H17/((I17-AH17)*(G17+H17)),0) | Z17: =IF(X17=1,MATCH(K17,LUM_NOM,0),1) | AA17: =MIN(5,MAX(0.3,Y17)) | AB17: =MATCH(AA17,CU_K,1) | AC17: =(INDEX(LUM_DIS,Z17)-1)*10+MATCH($F$10,REFL_NOM,0) | AD17: =INDEX(CU_TAB,AC17,AB17) | AE17: =INDEX(CU_TAB,AC17,MIN(AB17+1,13)) | AF17: =IF(AB17>=13,AD17,AD17+(AE17-AD17)*(AA17-INDEX(CU_K,AB17))/(INDEX(CU_K,AB17+1)-INDEX(CU_K,AB17))) | AH17: =IF(ISNUMBER(J17),J17,$F$9)
B18: 5 | C18: Estudio | D18: 1. Vivienda | E18: Estudios, almacenes, depósitos, walking closet, cuartos de trabajo doméstico (planchado, lavandería y similares) | F18: =IF(C18="","",IF(W18=0,"Elija el tipo",INDEX(EM_E,W18))) | G18: 3 | H18: 2.8 | I18: 2.6 | K18: Panel LED 60×60 cm, 40 W | L18: =IF(X18=1,Y18,"") | M18: =IF(X18=1,AF18,"") | N18: =IF(X18=1,F18*G18*H18/(INDEX(LUM_FLU,Z18)*M18*$F$11),"") | P18: =IF(X18=1,IF(N(O18)>0,ROUND(O18,0),MAX(1,ROUNDUP(N18,0))),"") | Q18: =IF(X18=1,P18*INDEX(LUM_FLU,Z18)*M18*$F$11/(G18*H18),"") | R18: =IF(X18=1,P18*INDEX(LUM_W,Z18),"") | S18: =IF(X18=1,R18/(G18*H18),"") | T18: =IF(C18="","",IF(X18=0,"REVISAR datos",IF(Q18>=F18,IF(Y18<0.3,"AVISO: K < 0.3","CUMPLE"),"NO CUMPLE"))) | W18: =IFERROR(MATCH(D18&"|"&E18,EM_KEY,0),0) | X18: =IF(AND(C18<>"",ISNUMBER(F18),N(G18)>0,N(H18)>0,N(I18)>AH18,K18<>""),1,0) | Y18: =IF(X18=1,G18*H18/((I18-AH18)*(G18+H18)),0) | Z18: =IF(X18=1,MATCH(K18,LUM_NOM,0),1) | AA18: =MIN(5,MAX(0.3,Y18)) | AB18: =MATCH(AA18,CU_K,1) | AC18: =(INDEX(LUM_DIS,Z18)-1)*10+MATCH($F$10,REFL_NOM,0) | AD18: =INDEX(CU_TAB,AC18,AB18) | AE18: =INDEX(CU_TAB,AC18,MIN(AB18+1,13)) | AF18: =IF(AB18>=13,AD18,AD18+(AE18-AD18)*(AA18-INDEX(CU_K,AB18))/(INDEX(CU_K,AB18+1)-INDEX(CU_K,AB18))) | AH18: =IF(ISNUMBER(J18),J18,$F$9)
B19: 6 | C19: Escalera común | D19: 1. Vivienda | E19: Escaleras, escaleras mecánicas y transportadores (de personas) | F19: =IF(C19="","",IF(W19=0,"Elija el tipo",INDEX(EM_E,W19))) | G19: 5 | H19: 2.4 | I19: 2.6 | J19: 0 | K19: Plafón LED 18 W | L19: =IF(X19=1,Y19,"") | M19: =IF(X19=1,AF19,"") | N19: =IF(X19=1,F19*G19*H19/(INDEX(LUM_FLU,Z19)*M19*$F$11),"") | P19: =IF(X19=1,IF(N(O19)>0,ROUND(O19,0),MAX(1,ROUNDUP(N19,0))),"") | Q19: =IF(X19=1,P19*INDEX(LUM_FLU,Z19)*M19*$F$11/(G19*H19),"") | R19: =IF(X19=1,P19*INDEX(LUM_W,Z19),"") | S19: =IF(X19=1,R19/(G19*H19),"") | T19: =IF(C19="","",IF(X19=0,"REVISAR datos",IF(Q19>=F19,IF(Y19<0.3,"AVISO: K < 0.3","CUMPLE"),"NO CUMPLE"))) | W19: =IFERROR(MATCH(D19&"|"&E19,EM_KEY,0),0) | X19: =IF(AND(C19<>"",ISNUMBER(F19),N(G19)>0,N(H19)>0,N(I19)>AH19,K19<>""),1,0) | Y19: =IF(X19=1,G19*H19/((I19-AH19)*(G19+H19)),0) | Z19: =IF(X19=1,MATCH(K19,LUM_NOM,0),1) | AA19: =MIN(5,MAX(0.3,Y19)) | AB19: =MATCH(AA19,CU_K,1) | AC19: =(INDEX(LUM_DIS,Z19)-1)*10+MATCH($F$10,REFL_NOM,0) | AD19: =INDEX(CU_TAB,AC19,AB19) | AE19: =INDEX(CU_TAB,AC19,MIN(AB19+1,13)) | AF19: =IF(AB19>=13,AD19,AD19+(AE19-AD19)*(AA19-INDEX(CU_K,AB19))/(INDEX(CU_K,AB19+1)-INDEX(CU_K,AB19))) | AH19: =IF(ISNUMBER(J19),J19,$F$9)
B20: 7 | C20: Pasillo común | D20: 1. Vivienda | E20: Áreas de circulación y pasillos | F20: =IF(C20="","",IF(W20=0,"Elija el tipo",INDEX(EM_E,W20))) | G20: 8 | H20: 1.5 | I20: 2.6 | J20: 0 | K20: Plafón LED 18 W | L20: =IF(X20=1,Y20,"") | M20: =IF(X20=1,AF20,"") | N20: =IF(X20=1,F20*G20*H20/(INDEX(LUM_FLU,Z20)*M20*$F$11),"") | P20: =IF(X20=1,IF(N(O20)>0,ROUND(O20,0),MAX(1,ROUNDUP(N20,0))),"") | Q20: =IF(X20=1,P20*INDEX(LUM_FLU,Z20)*M20*$F$11/(G20*H20),"") | R20: =IF(X20=1,P20*INDEX(LUM_W,Z20),"") | S20: =IF(X20=1,R20/(G20*H20),"") | T20: =IF(C20="","",IF(X20=0,"REVISAR datos",IF(Q20>=F20,IF(Y20<0.3,"AVISO: K < 0.3","CUMPLE"),"NO CUMPLE"))) | W20: =IFERROR(MATCH(D20&"|"&E20,EM_KEY,0),0) | X20: =IF(AND(C20<>"",ISNUMBER(F20),N(G20)>0,N(H20)>0,N(I20)>AH20,K20<>""),1,0) | Y20: =IF(X20=1,G20*H20/((I20-AH20)*(G20+H20)),0) | Z20: =IF(X20=1,MATCH(K20,LUM_NOM,0),1) | AA20: =MIN(5,MAX(0.3,Y20)) | AB20: =MATCH(AA20,CU_K,1) | AC20: =(INDEX(LUM_DIS,Z20)-1)*10+MATCH($F$10,REFL_NOM,0) | AD20: =INDEX(CU_TAB,AC20,AB20) | AE20: =INDEX(CU_TAB,AC20,MIN(AB20+1,13)) | AF20: =IF(AB20>=13,AD20,AD20+(AE20-AD20)*(AA20-INDEX(CU_K,AB20))/(INDEX(CU_K,AB20+1)-INDEX(CU_K,AB20))) | AH20: =IF(ISNUMBER(J20),J20,$F$9)
B21: 8 | C21: Oficina administrativa | D21: 6. Oficinas | E21: Escritura, mecanografía, lectura, procesamiento de datos | F21: =IF(C21="","",IF(W21=0,"Elija el tipo",INDEX(EM_E,W21))) | G21: 6 | H21: 5 | I21: 2.8 | K21: Panel LED 60×60 cm, 40 W | L21: =IF(X21=1,Y21,"") | M21: =IF(X21=1,AF21,"") | N21: =IF(X21=1,F21*G21*H21/(INDEX(LUM_FLU,Z21)*M21*$F$11),"") | P21: =IF(X21=1,IF(N(O21)>0,ROUND(O21,0),MAX(1,ROUNDUP(N21,0))),"") | Q21: =IF(X21=1,P21*INDEX(LUM_FLU,Z21)*M21*$F$11/(G21*H21),"") | R21: =IF(X21=1,P21*INDEX(LUM_W,Z21),"") | S21: =IF(X21=1,R21/(G21*H21),"") | T21: =IF(C21="","",IF(X21=0,"REVISAR datos",IF(Q21>=F21,IF(Y21<0.3,"AVISO: K < 0.3","CUMPLE"),"NO CUMPLE"))) | W21: =IFERROR(MATCH(D21&"|"&E21,EM_KEY,0),0) | X21: =IF(AND(C21<>"",ISNUMBER(F21),N(G21)>0,N(H21)>0,N(I21)>AH21,K21<>""),1,0) | Y21: =IF(X21=1,G21*H21/((I21-AH21)*(G21+H21)),0) | Z21: =IF(X21=1,MATCH(K21,LUM_NOM,0),1) | AA21: =MIN(5,MAX(0.3,Y21)) | AB21: =MATCH(AA21,CU_K,1) | AC21: =(INDEX(LUM_DIS,Z21)-1)*10+MATCH($F$10,REFL_NOM,0) | AD21: =INDEX(CU_TAB,AC21,AB21) | AE21: =INDEX(CU_TAB,AC21,MIN(AB21+1,13)) | AF21: =IF(AB21>=13,AD21,AD21+(AE21-AD21)*(AA21-INDEX(CU_K,AB21))/(INDEX(CU_K,AB21+1)-INDEX(CU_K,AB21))) | AH21: =IF(ISNUMBER(J21),J21,$F$9)
B22: 9 | F22: =IF(C22="","",IF(W22=0,"Elija el tipo",INDEX(EM_E,W22))) | L22: =IF(X22=1,Y22,"") | M22: =IF(X22=1,AF22,"") | N22: =IF(X22=1,F22*G22*H22/(INDEX(LUM_FLU,Z22)*M22*$F$11),"") | P22: =IF(X22=1,IF(N(O22)>0,ROUND(O22,0),MAX(1,ROUNDUP(N22,0))),"") | Q22: =IF(X22=1,P22*INDEX(LUM_FLU,Z22)*M22*$F$11/(G22*H22),"") | R22: =IF(X22=1,P22*INDEX(LUM_W,Z22),"") | S22: =IF(X22=1,R22/(G22*H22),"") | T22: =IF(C22="","",IF(X22=0,"REVISAR datos",IF(Q22>=F22,IF(Y22<0.3,"AVISO: K < 0.3","CUMPLE"),"NO CUMPLE"))) | W22: =IFERROR(MATCH(D22&"|"&E22,EM_KEY,0),0) | X22: =IF(AND(C22<>"",ISNUMBER(F22),N(G22)>0,N(H22)>0,N(I22)>AH22,K22<>""),1,0) | Y22: =IF(X22=1,G22*H22/((I22-AH22)*(G22+H22)),0) | Z22: =IF(X22=1,MATCH(K22,LUM_NOM,0),1) | AA22: =MIN(5,MAX(0.3,Y22)) | AB22: =MATCH(AA22,CU_K,1) | AC22: =(INDEX(LUM_DIS,Z22)-1)*10+MATCH($F$10,REFL_NOM,0) | AD22: =INDEX(CU_TAB,AC22,AB22) | AE22: =INDEX(CU_TAB,AC22,MIN(AB22+1,13)) | AF22: =IF(AB22>=13,AD22,AD22+(AE22-AD22)*(AA22-INDEX(CU_K,AB22))/(INDEX(CU_K,AB22+1)-INDEX(CU_K,AB22))) | AH22: =IF(ISNUMBER(J22),J22,$F$9)
B23: 10 | F23: =IF(C23="","",IF(W23=0,"Elija el tipo",INDEX(EM_E,W23))) | L23: =IF(X23=1,Y23,"") | M23: =IF(X23=1,AF23,"") | N23: =IF(X23=1,F23*G23*H23/(INDEX(LUM_FLU,Z23)*M23*$F$11),"") | P23: =IF(X23=1,IF(N(O23)>0,ROUND(O23,0),MAX(1,ROUNDUP(N23,0))),"") | Q23: =IF(X23=1,P23*INDEX(LUM_FLU,Z23)*M23*$F$11/(G23*H23),"") | R23: =IF(X23=1,P23*INDEX(LUM_W,Z23),"") | S23: =IF(X23=1,R23/(G23*H23),"") | T23: =IF(C23="","",IF(X23=0,"REVISAR datos",IF(Q23>=F23,IF(Y23<0.3,"AVISO: K < 0.3","CUMPLE"),"NO CUMPLE"))) | W23: =IFERROR(MATCH(D23&"|"&E23,EM_KEY,0),0) | X23: =IF(AND(C23<>"",ISNUMBER(F23),N(G23)>0,N(H23)>0,N(I23)>AH23,K23<>""),1,0) | Y23: =IF(X23=1,G23*H23/((I23-AH23)*(G23+H23)),0) | Z23: =IF(X23=1,MATCH(K23,LUM_NOM,0),1) | AA23: =MIN(5,MAX(0.3,Y23)) | AB23: =MATCH(AA23,CU_K,1) | AC23: =(INDEX(LUM_DIS,Z23)-1)*10+MATCH($F$10,REFL_NOM,0) | AD23: =INDEX(CU_TAB,AC23,AB23) | AE23: =INDEX(CU_TAB,AC23,MIN(AB23+1,13)) | AF23: =IF(AB23>=13,AD23,AD23+(AE23-AD23)*(AA23-INDEX(CU_K,AB23))/(INDEX(CU_K,AB23+1)-INDEX(CU_K,AB23))) | AH23: =IF(ISNUMBER(J23),J23,$F$9)
B24: 11 | F24: =IF(C24="","",IF(W24=0,"Elija el tipo",INDEX(EM_E,W24))) | L24: =IF(X24=1,Y24,"") | M24: =IF(X24=1,AF24,"") | N24: =IF(X24=1,F24*G24*H24/(INDEX(LUM_FLU,Z24)*M24*$F$11),"") | P24: =IF(X24=1,IF(N(O24)>0,ROUND(O24,0),MAX(1,ROUNDUP(N24,0))),"") | Q24: =IF(X24=1,P24*INDEX(LUM_FLU,Z24)*M24*$F$11/(G24*H24),"") | R24: =IF(X24=1,P24*INDEX(LUM_W,Z24),"") | S24: =IF(X24=1,R24/(G24*H24),"") | T24: =IF(C24="","",IF(X24=0,"REVISAR datos",IF(Q24>=F24,IF(Y24<0.3,"AVISO: K < 0.3","CUMPLE"),"NO CUMPLE"))) | W24: =IFERROR(MATCH(D24&"|"&E24,EM_KEY,0),0) | X24: =IF(AND(C24<>"",ISNUMBER(F24),N(G24)>0,N(H24)>0,N(I24)>AH24,K24<>""),1,0) | Y24: =IF(X24=1,G24*H24/((I24-AH24)*(G24+H24)),0) | Z24: =IF(X24=1,MATCH(K24,LUM_NOM,0),1) | AA24: =MIN(5,MAX(0.3,Y24)) | AB24: =MATCH(AA24,CU_K,1) | AC24: =(INDEX(LUM_DIS,Z24)-1)*10+MATCH($F$10,REFL_NOM,0) | AD24: =INDEX(CU_TAB,AC24,AB24) | AE24: =INDEX(CU_TAB,AC24,MIN(AB24+1,13)) | AF24: =IF(AB24>=13,AD24,AD24+(AE24-AD24)*(AA24-INDEX(CU_K,AB24))/(INDEX(CU_K,AB24+1)-INDEX(CU_K,AB24))) | AH24: =IF(ISNUMBER(J24),J24,$F$9)
B25: 12 | F25: =IF(C25="","",IF(W25=0,"Elija el tipo",INDEX(EM_E,W25))) | L25: =IF(X25=1,Y25,"") | M25: =IF(X25=1,AF25,"") | N25: =IF(X25=1,F25*G25*H25/(INDEX(LUM_FLU,Z25)*M25*$F$11),"") | P25: =IF(X25=1,IF(N(O25)>0,ROUND(O25,0),MAX(1,ROUNDUP(N25,0))),"") | Q25: =IF(X25=1,P25*INDEX(LUM_FLU,Z25)*M25*$F$11/(G25*H25),"") | R25: =IF(X25=1,P25*INDEX(LUM_W,Z25),"") | S25: =IF(X25=1,R25/(G25*H25),"") | T25: =IF(C25="","",IF(X25=0,"REVISAR datos",IF(Q25>=F25,IF(Y25<0.3,"AVISO: K < 0.3","CUMPLE"),"NO CUMPLE"))) | W25: =IFERROR(MATCH(D25&"|"&E25,EM_KEY,0),0) | X25: =IF(AND(C25<>"",ISNUMBER(F25),N(G25)>0,N(H25)>0,N(I25)>AH25,K25<>""),1,0) | Y25: =IF(X25=1,G25*H25/((I25-AH25)*(G25+H25)),0) | Z25: =IF(X25=1,MATCH(K25,LUM_NOM,0),1) | AA25: =MIN(5,MAX(0.3,Y25)) | AB25: =MATCH(AA25,CU_K,1) | AC25: =(INDEX(LUM_DIS,Z25)-1)*10+MATCH($F$10,REFL_NOM,0) | AD25: =INDEX(CU_TAB,AC25,AB25) | AE25: =INDEX(CU_TAB,AC25,MIN(AB25+1,13)) | AF25: =IF(AB25>=13,AD25,AD25+(AE25-AD25)*(AA25-INDEX(CU_K,AB25))/(INDEX(CU_K,AB25+1)-INDEX(CU_K,AB25))) | AH25: =IF(ISNUMBER(J25),J25,$F$9)
B26: 13 | F26: =IF(C26="","",IF(W26=0,"Elija el tipo",INDEX(EM_E,W26))) | L26: =IF(X26=1,Y26,"") | M26: =IF(X26=1,AF26,"") | N26: =IF(X26=1,F26*G26*H26/(INDEX(LUM_FLU,Z26)*M26*$F$11),"") | P26: =IF(X26=1,IF(N(O26)>0,ROUND(O26,0),MAX(1,ROUNDUP(N26,0))),"") | Q26: =IF(X26=1,P26*INDEX(LUM_FLU,Z26)*M26*$F$11/(G26*H26),"") | R26: =IF(X26=1,P26*INDEX(LUM_W,Z26),"") | S26: =IF(X26=1,R26/(G26*H26),"") | T26: =IF(C26="","",IF(X26=0,"REVISAR datos",IF(Q26>=F26,IF(Y26<0.3,"AVISO: K < 0.3","CUMPLE"),"NO CUMPLE"))) | W26: =IFERROR(MATCH(D26&"|"&E26,EM_KEY,0),0) | X26: =IF(AND(C26<>"",ISNUMBER(F26),N(G26)>0,N(H26)>0,N(I26)>AH26,K26<>""),1,0) | Y26: =IF(X26=1,G26*H26/((I26-AH26)*(G26+H26)),0) | Z26: =IF(X26=1,MATCH(K26,LUM_NOM,0),1) | AA26: =MIN(5,MAX(0.3,Y26)) | AB26: =MATCH(AA26,CU_K,1) | AC26: =(INDEX(LUM_DIS,Z26)-1)*10+MATCH($F$10,REFL_NOM,0) | AD26: =INDEX(CU_TAB,AC26,AB26) | AE26: =INDEX(CU_TAB,AC26,MIN(AB26+1,13)) | AF26: =IF(AB26>=13,AD26,AD26+(AE26-AD26)*(AA26-INDEX(CU_K,AB26))/(INDEX(CU_K,AB26+1)-INDEX(CU_K,AB26))) | AH26: =IF(ISNUMBER(J26),J26,$F$9)
B27: 14 | F27: =IF(C27="","",IF(W27=0,"Elija el tipo",INDEX(EM_E,W27))) | L27: =IF(X27=1,Y27,"") | M27: =IF(X27=1,AF27,"") | N27: =IF(X27=1,F27*G27*H27/(INDEX(LUM_FLU,Z27)*M27*$F$11),"") | P27: =IF(X27=1,IF(N(O27)>0,ROUND(O27,0),MAX(1,ROUNDUP(N27,0))),"") | Q27: =IF(X27=1,P27*INDEX(LUM_FLU,Z27)*M27*$F$11/(G27*H27),"") | R27: =IF(X27=1,P27*INDEX(LUM_W,Z27),"") | S27: =IF(X27=1,R27/(G27*H27),"") | T27: =IF(C27="","",IF(X27=0,"REVISAR datos",IF(Q27>=F27,IF(Y27<0.3,"AVISO: K < 0.3","CUMPLE"),"NO CUMPLE"))) | W27: =IFERROR(MATCH(D27&"|"&E27,EM_KEY,0),0) | X27: =IF(AND(C27<>"",ISNUMBER(F27),N(G27)>0,N(H27)>0,N(I27)>AH27,K27<>""),1,0) | Y27: =IF(X27=1,G27*H27/((I27-AH27)*(G27+H27)),0) | Z27: =IF(X27=1,MATCH(K27,LUM_NOM,0),1) | AA27: =MIN(5,MAX(0.3,Y27)) | AB27: =MATCH(AA27,CU_K,1) | AC27: =(INDEX(LUM_DIS,Z27)-1)*10+MATCH($F$10,REFL_NOM,0) | AD27: =INDEX(CU_TAB,AC27,AB27) | AE27: =INDEX(CU_TAB,AC27,MIN(AB27+1,13)) | AF27: =IF(AB27>=13,AD27,AD27+(AE27-AD27)*(AA27-INDEX(CU_K,AB27))/(INDEX(CU_K,AB27+1)-INDEX(CU_K,AB27))) | AH27: =IF(ISNUMBER(J27),J27,$F$9)
B28: 15 | F28: =IF(C28="","",IF(W28=0,"Elija el tipo",INDEX(EM_E,W28))) | L28: =IF(X28=1,Y28,"") | M28: =IF(X28=1,AF28,"") | N28: =IF(X28=1,F28*G28*H28/(INDEX(LUM_FLU,Z28)*M28*$F$11),"") | P28: =IF(X28=1,IF(N(O28)>0,ROUND(O28,0),MAX(1,ROUNDUP(N28,0))),"") | Q28: =IF(X28=1,P28*INDEX(LUM_FLU,Z28)*M28*$F$11/(G28*H28),"") | R28: =IF(X28=1,P28*INDEX(LUM_W,Z28),"") | S28: =IF(X28=1,R28/(G28*H28),"") | T28: =IF(C28="","",IF(X28=0,"REVISAR datos",IF(Q28>=F28,IF(Y28<0.3,"AVISO: K < 0.3","CUMPLE"),"NO CUMPLE"))) | W28: =IFERROR(MATCH(D28&"|"&E28,EM_KEY,0),0) | X28: =IF(AND(C28<>"",ISNUMBER(F28),N(G28)>0,N(H28)>0,N(I28)>AH28,K28<>""),1,0) | Y28: =IF(X28=1,G28*H28/((I28-AH28)*(G28+H28)),0) | Z28: =IF(X28=1,MATCH(K28,LUM_NOM,0),1) | AA28: =MIN(5,MAX(0.3,Y28)) | AB28: =MATCH(AA28,CU_K,1) | AC28: =(INDEX(LUM_DIS,Z28)-1)*10+MATCH($F$10,REFL_NOM,0) | AD28: =INDEX(CU_TAB,AC28,AB28) | AE28: =INDEX(CU_TAB,AC28,MIN(AB28+1,13)) | AF28: =IF(AB28>=13,AD28,AD28+(AE28-AD28)*(AA28-INDEX(CU_K,AB28))/(INDEX(CU_K,AB28+1)-INDEX(CU_K,AB28))) | AH28: =IF(ISNUMBER(J28),J28,$F$9)
B29: 16 | F29: =IF(C29="","",IF(W29=0,"Elija el tipo",INDEX(EM_E,W29))) | L29: =IF(X29=1,Y29,"") | M29: =IF(X29=1,AF29,"") | N29: =IF(X29=1,F29*G29*H29/(INDEX(LUM_FLU,Z29)*M29*$F$11),"") | P29: =IF(X29=1,IF(N(O29)>0,ROUND(O29,0),MAX(1,ROUNDUP(N29,0))),"") | Q29: =IF(X29=1,P29*INDEX(LUM_FLU,Z29)*M29*$F$11/(G29*H29),"") | R29: =IF(X29=1,P29*INDEX(LUM_W,Z29),"") | S29: =IF(X29=1,R29/(G29*H29),"") | T29: =IF(C29="","",IF(X29=0,"REVISAR datos",IF(Q29>=F29,IF(Y29<0.3,"AVISO: K < 0.3","CUMPLE"),"NO CUMPLE"))) | W29: =IFERROR(MATCH(D29&"|"&E29,EM_KEY,0),0) | X29: =IF(AND(C29<>"",ISNUMBER(F29),N(G29)>0,N(H29)>0,N(I29)>AH29,K29<>""),1,0) | Y29: =IF(X29=1,G29*H29/((I29-AH29)*(G29+H29)),0) | Z29: =IF(X29=1,MATCH(K29,LUM_NOM,0),1) | AA29: =MIN(5,MAX(0.3,Y29)) | AB29: =MATCH(AA29,CU_K,1) | AC29: =(INDEX(LUM_DIS,Z29)-1)*10+MATCH($F$10,REFL_NOM,0) | AD29: =INDEX(CU_TAB,AC29,AB29) | AE29: =INDEX(CU_TAB,AC29,MIN(AB29+1,13)) | AF29: =IF(AB29>=13,AD29,AD29+(AE29-AD29)*(AA29-INDEX(CU_K,AB29))/(INDEX(CU_K,AB29+1)-INDEX(CU_K,AB29))) | AH29: =IF(ISNUMBER(J29),J29,$F$9)
B30: 17 | F30: =IF(C30="","",IF(W30=0,"Elija el tipo",INDEX(EM_E,W30))) | L30: =IF(X30=1,Y30,"") | M30: =IF(X30=1,AF30,"") | N30: =IF(X30=1,F30*G30*H30/(INDEX(LUM_FLU,Z30)*M30*$F$11),"") | P30: =IF(X30=1,IF(N(O30)>0,ROUND(O30,0),MAX(1,ROUNDUP(N30,0))),"") | Q30: =IF(X30=1,P30*INDEX(LUM_FLU,Z30)*M30*$F$11/(G30*H30),"") | R30: =IF(X30=1,P30*INDEX(LUM_W,Z30),"") | S30: =IF(X30=1,R30/(G30*H30),"") | T30: =IF(C30="","",IF(X30=0,"REVISAR datos",IF(Q30>=F30,IF(Y30<0.3,"AVISO: K < 0.3","CUMPLE"),"NO CUMPLE"))) | W30: =IFERROR(MATCH(D30&"|"&E30,EM_KEY,0),0) | X30: =IF(AND(C30<>"",ISNUMBER(F30),N(G30)>0,N(H30)>0,N(I30)>AH30,K30<>""),1,0) | Y30: =IF(X30=1,G30*H30/((I30-AH30)*(G30+H30)),0) | Z30: =IF(X30=1,MATCH(K30,LUM_NOM,0),1) | AA30: =MIN(5,MAX(0.3,Y30)) | AB30: =MATCH(AA30,CU_K,1) | AC30: =(INDEX(LUM_DIS,Z30)-1)*10+MATCH($F$10,REFL_NOM,0) | AD30: =INDEX(CU_TAB,AC30,AB30) | AE30: =INDEX(CU_TAB,AC30,MIN(AB30+1,13)) | AF30: =IF(AB30>=13,AD30,AD30+(AE30-AD30)*(AA30-INDEX(CU_K,AB30))/(INDEX(CU_K,AB30+1)-INDEX(CU_K,AB30))) | AH30: =IF(ISNUMBER(J30),J30,$F$9)
B31: 18 | F31: =IF(C31="","",IF(W31=0,"Elija el tipo",INDEX(EM_E,W31))) | L31: =IF(X31=1,Y31,"") | M31: =IF(X31=1,AF31,"") | N31: =IF(X31=1,F31*G31*H31/(INDEX(LUM_FLU,Z31)*M31*$F$11),"") | P31: =IF(X31=1,IF(N(O31)>0,ROUND(O31,0),MAX(1,ROUNDUP(N31,0))),"") | Q31: =IF(X31=1,P31*INDEX(LUM_FLU,Z31)*M31*$F$11/(G31*H31),"") | R31: =IF(X31=1,P31*INDEX(LUM_W,Z31),"") | S31: =IF(X31=1,R31/(G31*H31),"") | T31: =IF(C31="","",IF(X31=0,"REVISAR datos",IF(Q31>=F31,IF(Y31<0.3,"AVISO: K < 0.3","CUMPLE"),"NO CUMPLE"))) | W31: =IFERROR(MATCH(D31&"|"&E31,EM_KEY,0),0) | X31: =IF(AND(C31<>"",ISNUMBER(F31),N(G31)>0,N(H31)>0,N(I31)>AH31,K31<>""),1,0) | Y31: =IF(X31=1,G31*H31/((I31-AH31)*(G31+H31)),0) | Z31: =IF(X31=1,MATCH(K31,LUM_NOM,0),1) | AA31: =MIN(5,MAX(0.3,Y31)) | AB31: =MATCH(AA31,CU_K,1) | AC31: =(INDEX(LUM_DIS,Z31)-1)*10+MATCH($F$10,REFL_NOM,0) | AD31: =INDEX(CU_TAB,AC31,AB31) | AE31: =INDEX(CU_TAB,AC31,MIN(AB31+1,13)) | AF31: =IF(AB31>=13,AD31,AD31+(AE31-AD31)*(AA31-INDEX(CU_K,AB31))/(INDEX(CU_K,AB31+1)-INDEX(CU_K,AB31))) | AH31: =IF(ISNUMBER(J31),J31,$F$9)
B32: 19 | F32: =IF(C32="","",IF(W32=0,"Elija el tipo",INDEX(EM_E,W32))) | L32: =IF(X32=1,Y32,"") | M32: =IF(X32=1,AF32,"") | N32: =IF(X32=1,F32*G32*H32/(INDEX(LUM_FLU,Z32)*M32*$F$11),"") | P32: =IF(X32=1,IF(N(O32)>0,ROUND(O32,0),MAX(1,ROUNDUP(N32,0))),"") | Q32: =IF(X32=1,P32*INDEX(LUM_FLU,Z32)*M32*$F$11/(G32*H32),"") | R32: =IF(X32=1,P32*INDEX(LUM_W,Z32),"") | S32: =IF(X32=1,R32/(G32*H32),"") | T32: =IF(C32="","",IF(X32=0,"REVISAR datos",IF(Q32>=F32,IF(Y32<0.3,"AVISO: K < 0.3","CUMPLE"),"NO CUMPLE"))) | W32: =IFERROR(MATCH(D32&"|"&E32,EM_KEY,0),0) | X32: =IF(AND(C32<>"",ISNUMBER(F32),N(G32)>0,N(H32)>0,N(I32)>AH32,K32<>""),1,0) | Y32: =IF(X32=1,G32*H32/((I32-AH32)*(G32+H32)),0) | Z32: =IF(X32=1,MATCH(K32,LUM_NOM,0),1) | AA32: =MIN(5,MAX(0.3,Y32)) | AB32: =MATCH(AA32,CU_K,1) | AC32: =(INDEX(LUM_DIS,Z32)-1)*10+MATCH($F$10,REFL_NOM,0) | AD32: =INDEX(CU_TAB,AC32,AB32) | AE32: =INDEX(CU_TAB,AC32,MIN(AB32+1,13)) | AF32: =IF(AB32>=13,AD32,AD32+(AE32-AD32)*(AA32-INDEX(CU_K,AB32))/(INDEX(CU_K,AB32+1)-INDEX(CU_K,AB32))) | AH32: =IF(ISNUMBER(J32),J32,$F$9)
B33: 20 | F33: =IF(C33="","",IF(W33=0,"Elija el tipo",INDEX(EM_E,W33))) | L33: =IF(X33=1,Y33,"") | M33: =IF(X33=1,AF33,"") | N33: =IF(X33=1,F33*G33*H33/(INDEX(LUM_FLU,Z33)*M33*$F$11),"") | P33: =IF(X33=1,IF(N(O33)>0,ROUND(O33,0),MAX(1,ROUNDUP(N33,0))),"") | Q33: =IF(X33=1,P33*INDEX(LUM_FLU,Z33)*M33*$F$11/(G33*H33),"") | R33: =IF(X33=1,P33*INDEX(LUM_W,Z33),"") | S33: =IF(X33=1,R33/(G33*H33),"") | T33: =IF(C33="","",IF(X33=0,"REVISAR datos",IF(Q33>=F33,IF(Y33<0.3,"AVISO: K < 0.3","CUMPLE"),"NO CUMPLE"))) | W33: =IFERROR(MATCH(D33&"|"&E33,EM_KEY,0),0) | X33: =IF(AND(C33<>"",ISNUMBER(F33),N(G33)>0,N(H33)>0,N(I33)>AH33,K33<>""),1,0) | Y33: =IF(X33=1,G33*H33/((I33-AH33)*(G33+H33)),0) | Z33: =IF(X33=1,MATCH(K33,LUM_NOM,0),1) | AA33: =MIN(5,MAX(0.3,Y33)) | AB33: =MATCH(AA33,CU_K,1) | AC33: =(INDEX(LUM_DIS,Z33)-1)*10+MATCH($F$10,REFL_NOM,0) | AD33: =INDEX(CU_TAB,AC33,AB33) | AE33: =INDEX(CU_TAB,AC33,MIN(AB33+1,13)) | AF33: =IF(AB33>=13,AD33,AD33+(AE33-AD33)*(AA33-INDEX(CU_K,AB33))/(INDEX(CU_K,AB33+1)-INDEX(CU_K,AB33))) | AH33: =IF(ISNUMBER(J33),J33,$F$9)
... B38: 25 | F38: =IF(C38="","",IF(W38=0,"Elija el tipo",INDEX(EM_E,W38))) | L38: =IF(X38=1,Y38,"") | M38: =IF(X38=1,AF38,"") | N38: =IF(X38=1,F38*G38*H38/(INDEX(LUM_FLU,Z38)*M38*$F$11),"") | P38: =IF(X38=1,IF(N(O38)>0,ROUND(O38,0),MAX(1,ROUNDUP(N38,0))),"") | Q38: =IF(X38=1,P38*INDEX(LUM_FLU,Z38)*M38*$F$11/(G38*H38),"") | R38: =IF(X38=1,P38*INDEX(LUM_W,Z38),"") | S38: =IF(X38=1,R38/(G38*H38),"") | T38: =IF(C38="","",IF(X38=0,"REVISAR datos",IF(Q38>=F38,IF(Y38<0.3,"AVISO: K < 0.3","CUMPLE"),"NO CUMPLE"))) | W38: =IFERROR(MATCH(D38&"|"&E38,EM_KEY,0),0) | X38: =IF(AND(C38<>"",ISNUMBER(F38),N(G38)>0,N(H38)>0,N(I38)>AH38,K38<>""),1,0) | Y38: =IF(X38=1,G38*H38/((I38-AH38)*(G38+H38)),0) | Z38: =IF(X38=1,MATCH(K38,LUM_NOM,0),1) | AA38: =MIN(5,MAX(0.3,Y38)) | AB38: =MATCH(AA38,CU_K,1) | AC38: =(INDEX(LUM_DIS,Z38)-1)*10+MATCH($F$10,REFL_NOM,0) | AD38: =INDEX(CU_TAB,AC38,AB38) | AE38: =INDEX(CU_TAB,AC38,MIN(AB38+1,13)) | AF38: =IF(AB38>=13,AD38,AD38+(AE38-AD38)*(AA38-INDEX(CU_K,AB38))/(INDEX(CU_K,AB38+1)-INDEX(CU_K,AB38))) | AH38: =IF(ISNUMBER(J38),J38,$F$9)
B39: TOTAL | P39: =SUM(P14:P38) | R39: =SUM(R14:R38) | S39: =IF(SUMPRODUCT((X14:X38=1)*G14:G38*H14:H38)=0,"",R39/SUMPRODUCT((X14:X38=1)*G14:G38*H14:H38)) | T39: =IF(COUNTIF(T14:T38,"NO CUMPLE")+COUNTIF(T14:T38,"REVISAR*")+COUNTIF(T14:T38,"AVISO*")>0,"REVISAR","CUMPLE")
B41: CU de la tabla genérica de ALF_BIM (luminaria difusa o concentrada, local cuadrado, K de 0.3 a 5; ver TABLAS). Em obtenida = N·Φ·CU·FM/A. Verifique el UGRL, la Uo y el Ra de cada ambiente con la fotometría del fabricante (EM.010 Art. 6.8). Potencia de alumbrado para el cuadro de cargas: columna «Potencia».

Sheet CAIDA_TENSION
B1: CAÍDA DE TENSIÓN Y SECCIÓN DEL CONDUCTOR
B2: ALF_BIM · Calculadoras IIEE ALF · CNE-U Regla 050-102 · Tabla 2 · Tablas 5A y 5C · v1.0.0
B3: Proyecto | C3: =INICIO!$D$7
B4: Ubicación | C4: =INICIO!$D$9
B5: Circuito | C5: ALIMENTADOR DEL TABLERO GENERAL TG AL TABLERO DE DISTRIBUCIÓN TD-1 (EJEMPLO)
B6: Proyectista | C6: =INICIO!$D$10&IF(INICIO!$D$11="",""," · CIP "&INICIO!$D$11)
B7: Fecha | C7: =INICIO!$D$12
B10: 1. DATOS DEL CIRCUITO
B11: Tipo de tramo | D11: Alimentador
B12: Sistema | D12: Monofásico 220 V
B13: Potencia de la carga (máxima demanda del tramo) | C13: P | D13: 9500 | E13: W | F13: De la máxima demanda (MaximaDemandaALF) o del cuadro de cargas
B14: Factor de potencia | C14: cos φ | D14: 0.9
B15: Corriente conocida (opcional, reemplaza a P) | C15: Iman | E15: A | F15: Por ejemplo, la corriente de placa de un motor
B16: Longitud del tramo (hasta la carga o la salida más lejana) | C16: L | D16: 32 | E16: m
B17: Método de instalación | D17: B1 · Unipolares en tubo empotrado o sobre pared (lo usual en edificaciones)
B18: Temperatura ambiente (o del terreno en el método D) | C18: T | D18: 30 | E18: °C
B19: Circuitos agrupados en el mismo tubo (incluido este) | D19: 1 | F19: Tabla 5C, ítem 1: hasta 20 circuitos
B20: Sección mínima del proyectista | C20: Smín | D20: 4 | E20: mm² | F20: 030-002: 2.5 mm² en circuitos derivados de fuerza y alumbrado
B21: ITM mínimo (opcional) | E21: A | F21: Por ejemplo, 16 A alumbrado y 20 A tomacorrientes
B22: Resistividad del conductor (cobre) | C22: ρ | D22: 0.0175 | E22: Ω·mm²/m | F22: 0.0175 a 20 °C (usual en el Perú); 0.0225 a 70 °C (IEC 60364-5-52, más conservador)
B23: Reactancia del conductor (opcional) | C23: X | D23: 0 | E23: Ω/km | F23: ≈ 0.08 Ω/km en tubo; recomendable desde 35 mm²
B24: Límite de caída del tramo del proyectista (opcional) | E24: % | F24: Si se deja vacío: el del tipo de tramo (050-102)
B25: Caída acumulada aguas arriba (alimentadores previos) | C25: ΔVprev | D25: 0 | E25: % | F25: 0 si el tramo sale del medidor
B26: Tipo de conductor | D26: NH-80
B28: 2. CORRIENTE Y PROTECCIÓN
B29: Fila del sistema | D29: =MATCH($D$12,SIS_NOM,0)
B30: Tensión del sistema | C30: V | D30: =INDEX(SIS_V,$D$29) | E30: V
B31: Constante de corriente (1 monofásico; √3 trifásico) | C31: k | D31: =INDEX(SIS_K,$D$29)
B32: Constante de caída (2 monofásico; √3 trifásico) | C32: k' | D32: =INDEX(SIS_K2,$D$29)
B33: Conductores cargados | D33: =INDEX(SIS_CARG,$D$29)
B34: Corriente de la carga I = P/(k·V·cos φ) | C34: I | D34: =IF(N($D$15)>0,$D$15,$D$13/($D$31*$D$30*$D$14)) | E34: A
B35: Corriente de diseño Id = 1.25·I | C35: Id | D35: =1.25*$D$34 | E35: A | F35: 050-104: carga continua al 80 % del dispositivo
B36: INTERRUPTOR TERMOMAGNÉTICO In ≥ Id | C36: In | D36: =INDEX(ITM,MIN(COUNT(ITM),COUNTIF(ITM,"<"&MAX($D$35,N($D$21))-0.000001)+1)) | E36: A
B37: Existe un ITM normalizado ≥ Id (hasta 630 A) | C37: =IF($D$36>=$D$35-0.000001,"CUMPLE","NO CUMPLE")
B38: Capacidad requerida del conductor máx(In, Id) | C38: Ireq | D38: =MAX($D$36,$D$35) | E38: A
B40: 3. CAPACIDAD DE CORRIENTE (CNE-U Tabla 2 · Tabla 5A · Tabla 5C)
B41: Método (fila) | D41: =MATCH($D$17,MET_DESC,0)
B42: Columna de la Tabla 2 | D42: =($D$41-1)*2+IF($D$33=3,2,1)
B43: Método y conductores cargados | D43: =INDEX(MET_COD,$D$41)&" · "&$D$33&" conductores cargados"
B44: Factor por temperatura (Tabla 5A) | C44: Ft | D44: =IF(INDEX(MET_COD,$D$41)="D",INDEX(FT_TER,MATCH($D$18,FT_T,0)),INDEX(FT_AIR,MATCH($D$18,FT_T,0)))
B45: Factor por agrupamiento (Tabla 5C, ítem 1) | C45: Fa | D45: =INDEX(FA_F,MIN(COUNT(FA_N),COUNTIF(FA_N,"<"&$D$19)+1)) | F45: En ductos enterrados verifique el factor de la tabla correspondiente
B46: Factor total | C46: F | D46: =$D$44*$D$45
B47: Capacidad mínima en la Tabla 2 Ireq/F | C47: Iz,mín | D47: =$D$38/$D$46 | E47: A
B48: Secciones disponibles en el método | D48: =COUNT(INDEX(TABLA2,0,$D$42))
B49: Sección máxima de la Tabla 2 en este método | D49: =INDEX(SECC,$D$48) | E49: mm²
B50: Índice por capacidad | D50: =COUNTIF(INDEX(TABLA2,0,$D$42),"<"&$D$47-0.000001)+1
B51: Sección por capacidad de corriente | C51: Scap | D51: =IF($D$50>$D$48,"Insuficiente",INDEX(SECC,$D$50)) | E51: mm²
B53: 4. CAÍDA DE TENSIÓN (CNE-U Regla 050-102)
B54: ΔV = k'·L·I·(ρ·cos φ / S + X·sen φ) → S ≥ k'·ρ·L·I·cos φ / (ΔVlím·V − k'·L·I·X·sen φ). La sección se elige para cumplir el límite del tramo y el saldo del 4 % total (4 % − ΔVprev).
B55: Límite de caída del tramo | C55: ΔVlím | D55: =IF(N($D$24)>0,$D$24,INDEX(TRAMO_LIM,MATCH($D$11,TRAMO_NOM,0))) | E55: % | F55: 050-102: 2.5 % alimentador y 2.5 % circuito derivado
B56: Límite usado para dimensionar mín(ΔVlím, 4 % − ΔVprev) | D56: =MIN($D$55,4-$D$25) | E56: %
B57: sen φ | D57: =SQRT(MAX(0,1-$D$14^2))
B58: Denominador | D58: =$D$56/100*$D$30-$D$32*$D$16*$D$34*$D$23/1000*$D$57
B59: Sección mínima por caída de tensión | C59: S,ΔV | D59: =IF($D$58<=0,"Ninguna",$D$32*$D$22*$D$16*$D$34*$D$14/$D$58) | E59: mm²
B60: Índice por caída | D60: =IF(ISNUMBER($D$59),COUNTIF(SECC,"<"&$D$59-0.000001)+1,COUNT(SECC)+1)
B61: Sección normalizada por caída de tensión | C61: SΔV | D61: =IF($D$60>COUNT(SECC),"Insuficiente",INDEX(SECC,$D$60)) | E61: mm²
B62: Índice mínimo | D62: =MATCH($D$20,SECC,0)
B64: 5. SECCIÓN ADOPTADA Y VERIFICACIONES
B65: Índice adoptado | D65: =MAX($D$50,$D$60,$D$62)
B66: Sección disponible | D66: =$D$65<=$D$48
B67: SECCIÓN DEL CONDUCTOR DE FASE | C67: S | D67: =IF($D$66,INDEX(SECC,$D$65),"Insuficiente") | E67: mm²
B68: Criterio que gobierna | D68: =IF(NOT($D$66),"Ninguna sección alcanza: la Tabla 2 llega a "&$D$49&" mm² en el método "&INDEX(MET_COD,$D$41)&"; use conductores en paralelo, otro método de instalación o reduzca la longitud",IF(AND($D$60>$D$50,$D$60>=$D$62),"Caída de tensión",IF($D$50>=$D$62,"Capacidad de corriente","Sección mínima")))
B69: Capacidad de la Tabla 2 | C69: Iz | D69: =IF($D$66,INDEX(TABLA2,$D$65,$D$42),0) | E69: A
B70: Capacidad corregida Iz·F | C70: Iz' | D70: =$D$69*$D$46 | E70: A
B71: Capacidad corregida ≥ máx(In, Id) | C71: =IF($D$70>=$D$38-0.000001,"CUMPLE","NO CUMPLE")
B72: Caída de tensión del tramo | C72: ΔV | D72: =IF($D$66,$D$32*$D$16*$D$34*($D$22*$D$14/$D$67+$D$23/1000*$D$57),0) | E72: V
B73: CAÍDA DE TENSIÓN DEL TRAMO | C73: ΔV | D73: =$D$72/$D$30
B74: ΔV del tramo ≤ límite · 050-102 | C74: =IF(NOT($D$66),"—",IF($D$73*100<=$D$55+0.000001,"CUMPLE","NO CUMPLE"))
B75: CAÍDA ACUMULADA DESDE EL MEDIDOR | C75: ΣΔV | D75: =$D$25/100+$D$73
B76: ΣΔV ≤ 4 % · 050-102 | C76: =IF(NOT($D$66),"—",IF($D$75<=0.04+0.0000001,"CUMPLE","NO CUMPLE"))
B77: Longitud máxima con esta sección (límite del tramo) | C77: Lmáx | D77: =IF(AND($D$66,$D$34>0),$D$55/100*$D$30/($D$32*$D$34*($D$22*$D$14/$D$67+$D$23/1000*$D$57)),"—") | E77: m
B79: 6. CONDUCTOR DE PROTECCIÓN, TUBERÍA Y DESIGNACIÓN
B80: Conductor de protección (IEC 60364-5-54, tabla 54.2) | D80: =IF($D$66,IF($D$67<=16,$D$67,IF($D$67<=35,16,$D$67/2)),2.5) | E80: mm² | F80: S ≤ 16: S · 16 < S ≤ 35: 16 · S > 35: S/2
B81: Sección del conductor de protección (T) | C81: ST | D81: =IF($D$66,INDEX(SECC,COUNTIF(SECC,"<"&MAX(2.5,$D$80)-0.000001)+1),"—") | E81: mm² | F81: S ≤ 16 → S · 16 < S ≤ 35 → 16 · S > 35 → S/2; mínimo 2.5 mm²
B82: Conductores activos (fases y neutro) | D82: =INDEX(SIS_ACT,$D$29)
B83: Área de los conductores | D83: =IF($D$66,$D$82*PI()/4*INDEX(DIAM_COND,$D$65)^2+PI()/4*INDEX(DIAM_COND,MATCH($D$81,SECC,0))^2,0) | E83: mm² | F83: Conductores unipolares NH-80/THW-90 (diámetros de catálogo)
B84: Tubería PVC-SAP (ocupación ≤ 40 %) | D84: =IF(NOT($D$66),"—",IF(COUNTIF(TUBO_A40,"<"&$D$83)+1>COUNT(TUBO_A40),"Más de 100 mm: use varias tuberías o bandeja","Ø "&INDEX(TUBO_NOM,COUNTIF(TUBO_A40,"<"&$D$83)+1)&" mm PVC-SAP"))
B85: DESIGNACIÓN | D85: =IF($D$66,$D$82&" × "&IF($D$67=INT($D$67),FIXED($D$67,0,TRUE),FIXED($D$67,1,TRUE))&" mm² "&$D$26&" + 1 × "&IF($D$81=INT($D$81),FIXED($D$81,0,TRUE),FIXED($D$81,1,TRUE))&" mm² (T) · ITM "&IF($D$33=3,"3","2")&" × "&$D$36&" A","—")
B86: =IF($D$66,"RESULTADO: "&$D$85&" en "&$D$84&". ΔV = "&FIXED($D$73*100,2,TRUE)&" % (tramo) y "&FIXED($D$75*100,2,TRUE)&" % acumulada. Gobierna: "&LOWER($D$68)&".",$D$68)
B88: 7. TABLA DE VERIFICACIÓN POR SECCIÓN
B89: Sección (mm²) | C89: Iz Tabla 2 (A) | D89: Iz·F (A) | E89: ΔV (V) | F89: ΔV (%) | G89: Capacidad | H89: Caída
B90: 1.5 | C90: =IF(INDEX(TABLA2,1,$D$42)="","—",INDEX(TABLA2,1,$D$42)) | D90: =IF(ISNUMBER(C90),C90*$D$46,"—") | E90: =$D$32*$D$16*$D$34*($D$22*$D$14/B90+$D$23/1000*$D$57) | F90: =E90/$D$30 | G90: =IF(ISNUMBER(D90),IF(D90>=$D$38-0.000001,"CUMPLE","NO CUMPLE"),"—") | H90: =IF(F90*100<=$D$56+0.000001,"CUMPLE","NO CUMPLE")&IF(B90=$D$67," ◄ adoptada","")
B91: 2.5 | C91: =IF(INDEX(TABLA2,2,$D$42)="","—",INDEX(TABLA2,2,$D$42)) | D91: =IF(ISNUMBER(C91),C91*$D$46,"—") | E91: =$D$32*$D$16*$D$34*($D$22*$D$14/B91+$D$23/1000*$D$57) | F91: =E91/$D$30 | G91: =IF(ISNUMBER(D91),IF(D91>=$D$38-0.000001,"CUMPLE","NO CUMPLE"),"—") | H91: =IF(F91*100<=$D$56+0.000001,"CUMPLE","NO CUMPLE")&IF(B91=$D$67," ◄ adoptada","")
B92: 4 | C92: =IF(INDEX(TABLA2,3,$D$42)="","—",INDEX(TABLA2,3,$D$42)) | D92: =IF(ISNUMBER(C92),C92*$D$46,"—") | E92: =$D$32*$D$16*$D$34*($D$22*$D$14/B92+$D$23/1000*$D$57) | F92: =E92/$D$30 | G92: =IF(ISNUMBER(D92),IF(D92>=$D$38-0.000001,"CUMPLE","NO CUMPLE"),"—") | H92: =IF(F92*100<=$D$56+0.000001,"CUMPLE","NO CUMPLE")&IF(B92=$D$67," ◄ adoptada","")
B93: 6 | C93: =IF(INDEX(TABLA2,4,$D$42)="","—",INDEX(TABLA2,4,$D$42)) | D93: =IF(ISNUMBER(C93),C93*$D$46,"—") | E93: =$D$32*$D$16*$D$34*($D$22*$D$14/B93+$D$23/1000*$D$57) | F93: =E93/$D$30 | G93: =IF(ISNUMBER(D93),IF(D93>=$D$38-0.000001,"CUMPLE","NO CUMPLE"),"—") | H93: =IF(F93*100<=$D$56+0.000001,"CUMPLE","NO CUMPLE")&IF(B93=$D$67," ◄ adoptada","")
B94: 10 | C94: =IF(INDEX(TABLA2,5,$D$42)="","—",INDEX(TABLA2,5,$D$42)) | D94: =IF(ISNUMBER(C94),C94*$D$46,"—") | E94: =$D$32*$D$16*$D$34*($D$22*$D$14/B94+$D$23/1000*$D$57) | F94: =E94/$D$30 | G94: =IF(ISNUMBER(D94),IF(D94>=$D$38-0.000001,"CUMPLE","NO CUMPLE"),"—") | H94: =IF(F94*100<=$D$56+0.000001,"CUMPLE","NO CUMPLE")&IF(B94=$D$67," ◄ adoptada","")
B95: 16 | C95: =IF(INDEX(TABLA2,6,$D$42)="","—",INDEX(TABLA2,6,$D$42)) | D95: =IF(ISNUMBER(C95),C95*$D$46,"—") | E95: =$D$32*$D$16*$D$34*($D$22*$D$14/B95+$D$23/1000*$D$57) | F95: =E95/$D$30 | G95: =IF(ISNUMBER(D95),IF(D95>=$D$38-0.000001,"CUMPLE","NO CUMPLE"),"—") | H95: =IF(F95*100<=$D$56+0.000001,"CUMPLE","NO CUMPLE")&IF(B95=$D$67," ◄ adoptada","")
B96: 25 | C96: =IF(INDEX(TABLA2,7,$D$42)="","—",INDEX(TABLA2,7,$D$42)) | D96: =IF(ISNUMBER(C96),C96*$D$46,"—") | E96: =$D$32*$D$16*$D$34*($D$22*$D$14/B96+$D$23/1000*$D$57) | F96: =E96/$D$30 | G96: =IF(ISNUMBER(D96),IF(D96>=$D$38-0.000001,"CUMPLE","NO CUMPLE"),"—") | H96: =IF(F96*100<=$D$56+0.000001,"CUMPLE","NO CUMPLE")&IF(B96=$D$67," ◄ adoptada","")
B97: 35 | C97: =IF(INDEX(TABLA2,8,$D$42)="","—",INDEX(TABLA2,8,$D$42)) | D97: =IF(ISNUMBER(C97),C97*$D$46,"—") | E97: =$D$32*$D$16*$D$34*($D$22*$D$14/B97+$D$23/1000*$D$57) | F97: =E97/$D$30 | G97: =IF(ISNUMBER(D97),IF(D97>=$D$38-0.000001,"CUMPLE","NO CUMPLE"),"—") | H97: =IF(F97*100<=$D$56+0.000001,"CUMPLE","NO CUMPLE")&IF(B97=$D$67," ◄ adoptada","")
B98: 50 | C98: =IF(INDEX(TABLA2,9,$D$42)="","—",INDEX(TABLA2,9,$D$42)) | D98: =IF(ISNUMBER(C98),C98*$D$46,"—") | E98: =$D$32*$D$16*$D$34*($D$22*$D$14/B98+$D$23/1000*$D$57) | F98: =E98/$D$30 | G98: =IF(ISNUMBER(D98),IF(D98>=$D$38-0.000001,"CUMPLE","NO CUMPLE"),"—") | H98: =IF(F98*100<=$D$56+0.000001,"CUMPLE","NO CUMPLE")&IF(B98=$D$67," ◄ adoptada","")
B99: 70 | C99: =IF(INDEX(TABLA2,10,$D$42)="","—",INDEX(TABLA2,10,$D$42)) | D99: =IF(ISNUMBER(C99),C99*$D$46,"—") | E99: =$D$32*$D$16*$D$34*($D$22*$D$14/B99+$D$23/1000*$D$57) | F99: =E99/$D$30 | G99: =IF(ISNUMBER(D99),IF(D99>=$D$38-0.000001,"CUMPLE","NO CUMPLE"),"—") | H99: =IF(F99*100<=$D$56+0.000001,"CUMPLE","NO CUMPLE")&IF(B99=$D$67," ◄ adoptada","")
B100: 95 | C100: =IF(INDEX(TABLA2,11,$D$42)="","—",INDEX(TABLA2,11,$D$42)) | D100: =IF(ISNUMBER(C100),C100*$D$46,"—") | E100: =$D$32*$D$16*$D$34*($D$22*$D$14/B100+$D$23/1000*$D$57) | F100: =E100/$D$30 | G100: =IF(ISNUMBER(D100),IF(D100>=$D$38-0.000001,"CUMPLE","NO CUMPLE"),"—") | H100: =IF(F100*100<=$D$56+0.000001,"CUMPLE","NO CUMPLE")&IF(B100=$D$67," ◄ adoptada","")
B101: 120 | C101: =IF(INDEX(TABLA2,12,$D$42)="","—",INDEX(TABLA2,12,$D$42)) | D101: =IF(ISNUMBER(C101),C101*$D$46,"—") | E101: =$D$32*$D$16*$D$34*($D$22*$D$14/B101+$D$23/1000*$D$57) | F101: =E101/$D$30 | G101: =IF(ISNUMBER(D101),IF(D101>=$D$38-0.000001,"CUMPLE","NO CUMPLE"),"—") | H101: =IF(F101*100<=$D$56+0.000001,"CUMPLE","NO CUMPLE")&IF(B101=$D$67," ◄ adoptada","")
B102: 150 | C102: =IF(INDEX(TABLA2,13,$D$42)="","—",INDEX(TABLA2,13,$D$42)) | D102: =IF(ISNUMBER(C102),C102*$D$46,"—") | E102: =$D$32*$D$16*$D$34*($D$22*$D$14/B102+$D$23/1000*$D$57) | F102: =E102/$D$30 | G102: =IF(ISNUMBER(D102),IF(D102>=$D$38-0.000001,"CUMPLE","NO CUMPLE"),"—") | H102: =IF(F102*100<=$D$56+0.000001,"CUMPLE","NO CUMPLE")&IF(B102=$D$67," ◄ adoptada","")
B103: 185 | C103: =IF(INDEX(TABLA2,14,$D$42)="","—",INDEX(TABLA2,14,$D$42)) | D103: =IF(ISNUMBER(C103),C103*$D$46,"—") | E103: =$D$32*$D$16*$D$34*($D$22*$D$14/B103+$D$23/1000*$D$57) | F103: =E103/$D$30 | G103: =IF(ISNUMBER(D103),IF(D103>=$D$38-0.000001,"CUMPLE","NO CUMPLE"),"—") | H103: =IF(F103*100<=$D$56+0.000001,"CUMPLE","NO CUMPLE")&IF(B103=$D$67," ◄ adoptada","")
B104: 240 | C104: =IF(INDEX(TABLA2,15,$D$42)="","—",INDEX(TABLA2,15,$D$42)) | D104: =IF(ISNUMBER(C104),C104*$D$46,"—") | E104: =$D$32*$D$16*$D$34*($D$22*$D$14/B104+$D$23/1000*$D$57) | F104: =E104/$D$30 | G104: =IF(ISNUMBER(D104),IF(D104>=$D$38-0.000001,"CUMPLE","NO CUMPLE"),"—") | H104: =IF(F104*100<=$D$56+0.000001,"CUMPLE","NO CUMPLE")&IF(B104=$D$67," ◄ adoptada","")
B105: Capacidad: Tabla 2 del CNE-U (Cu, PVC 70 °C) por los factores de temperatura y agrupamiento. Caída: con la corriente de la carga (050-102(3)); con X = 0 solo se considera la resistencia, criterio usual en baja tensión hasta secciones medianas.

Sheet CIRCUITOS
B1: CUADRO DE ALIMENTADORES Y CIRCUITOS · CAÍDA DE TENSIÓN Y SECCIÓN · CNE-U 050-102 Y TABLA 2
B2: ALF_BIM · Calculadoras IIEE ALF · v1.0.0
B3: Proyecto | D3: =INICIO!$D$7
B4: Ubicación | D4: =INICIO!$D$9
B5: Proyectista | D5: =INICIO!$D$10&IF(INICIO!$D$11="",""," · CIP "&INICIO!$D$11)
B6: Fecha | D6: =INICIO!$D$12
B8: DATOS COMUNES
C9: Temperatura ambiente (°C) | F9: 30 | I9: Una fila por tramo. «ΔV previo» es la caída acumulada del alimentador que alimenta al tramo: escriba la referencia a su celda «ΔV acum.» (por ejemplo =R15) para encadenarlos. Id = 1.25·I; ITM ≥ Id; conductor con Iz·Ft·Fa ≥ máx(ITM, Id), caída del tramo ≤ 2.5 % y acumulada ≤ 4 %. Método: A1, A2, B1 (tubo empotrado), B2, C, D (enterrado; la temperatura común se usa como la del terreno). ρ: 0.0175 a 20 °C (usual) o 0.0225 a 70 °C (IEC). X ≈ 0.08 Ω/km en tubo.
C10: Resistividad del cobre (Ω·mm²/m) | F10: 0.0175
C11: Límite de caída acumulada (%) | F11: 4
C12: ITM mínimo en circuitos derivados (A) | F12: 16
C13: Reactancia del conductor (Ω/km, opcional) | F13: 0
B14: N.° | C14: Tramo (de → a) | D14: Tipo | E14: Sistema | F14: P (W) | G14: cos φ | H14: L (m) | I14: Método | J14: Circ. en tubo | K14: S mín. (mm²) | L14: ΔV previo (%) | M14: I (A) | N14: ITM (A) | O14: S (mm²) | P14: Iz·F (A) | Q14: ΔV tramo (%) | R14: ΔV acum. (%) | S14: Gobierna | T14: Estado
B15: 1 | C15: Medidor → TG | D15: Alimentador | E15: Monofásico 220 V | F15: 9500 | G15: 0.9 | H15: 12 | I15: B1 | J15: 1 | K15: 6 | L15: 0 | M15: =IF(V15=1,AA15,"") | N15: =IF(V15=1,AB15,"") | O15: =IF(V15=1,IF(AG15=1,INDEX(SECC,AF15),"Insuficiente"),"") | P15: =IF(AND(V15=1,AG15=1),INDEX(TABLA2,AF15,Y15)*Z15,"") | Q15: =IF(AND(V15=1,AG15=1),100*INDEX(SIS_K2,W15)*H15*AA15*($F$10*G15/O15+$F$13/1000*AK15)/INDEX(SIS_V,W15),"") | R15: =IF(AND(V15=1,AG15=1),N(L15)+Q15,"") | S15: =IF(V15=0,"",IF(AG15=0,"Insuficiente",IF(AND(AD15>AC15,AD15>=AE15),"Caída",IF(AC15>=AE15,"Capacidad","S mínima")))) | T15: =IF(C15="","",IF(V15=0,"REVISAR datos",IF(AH15=0,"REVISAR ΔV previo",IF(AG15=0,"NO CUMPLE",IF(AB15<1.25*AA15-0.000001,"NO CUMPLE (ITM)",IF(AND(Q15<=AJ15+0.000001,R15<=$F$11+0.000001),"CUMPLE","NO CUMPLE")))))) | V15: =IF(AND(C15<>"",D15<>"",E15<>"",N(F15)>0,N(G15)>0,N(H15)>0,I15<>""),1,0) | W15: =IF(V15=1,MATCH(E15,SIS_NOM,0),1) | X15: =IF(V15=1,MATCH(I15,MET_COD,0),3) | Y15: =(X15-1)*2+IF(INDEX(SIS_CARG,W15)=3,2,1) | Z15: =IF(I15="D",INDEX(FT_TER,MATCH($F$9,FT_T,0)),INDEX(FT_AIR,MATCH($F$9,FT_T,0)))*INDEX(FA_F,MIN(COUNT(FA_N),COUNTIF(FA_N,"<"&MAX(1,N(J15)))+1)) | AA15: =IF(V15=1,F15/(INDEX(SIS_K,W15)*INDEX(SIS_V,W15)*G15),0) | AB15: =INDEX(ITM,MIN(COUNT(ITM),COUNTIF(ITM,"<"&MAX(1.25*AA15,IF(D15="Circuito derivado",N($F$12),0))-0.000001)+1)) | AC15: =COUNTIF(INDEX(TABLA2,0,Y15),"<"&MAX(AB15,1.25*AA15)/Z15-0.000001)+1 | AD15: =IF(V15=1,IF(AL15<=0,99,COUNTIF(SECC,"<"&INDEX(SIS_K2,W15)*$F$10*H15*AA15*G15/AL15-0.000001)+1),1) | AE15: =IFERROR(MATCH(N(K15),SECC,0),2) | AF15: =MAX(AC15,AD15,AE15) | AG15: =IF(AF15<=COUNT(INDEX(TABLA2,0,Y15)),1,0) | AH15: =IF(OR(ISBLANK(L15),ISNUMBER(L15)),1,0) | AI15: =MIN(AJ15,$F$11-N(L15)) | AJ15: =IF(V15=1,INDEX(TRAMO_LIM,MATCH(D15,TRAMO_NOM,0)),2.5) | AK15: =SQRT(MAX(0,1-N(G15)^2)) | AL15: =AI15/100*INDEX(SIS_V,W15)-INDEX(SIS_K2,W15)*N(H15)*AA15*$F$13/1000*AK15
B16: 2 | C16: TG → TD-1 (2.° piso) | D16: Alimentador | E16: Monofásico 220 V | F16: 6200 | G16: 0.9 | H16: 18 | I16: B1 | J16: 1 | K16: 4 | L16: =R15 | M16: =IF(V16=1,AA16,"") | N16: =IF(V16=1,AB16,"") | O16: =IF(V16=1,IF(AG16=1,INDEX(SECC,AF16),"Insuficiente"),"") | P16: =IF(AND(V16=1,AG16=1),INDEX(TABLA2,AF16,Y16)*Z16,"") | Q16: =IF(AND(V16=1,AG16=1),100*INDEX(SIS_K2,W16)*H16*AA16*($F$10*G16/O16+$F$13/1000*AK16)/INDEX(SIS_V,W16),"") | R16: =IF(AND(V16=1,AG16=1),N(L16)+Q16,"") | S16: =IF(V16=0,"",IF(AG16=0,"Insuficiente",IF(AND(AD16>AC16,AD16>=AE16),"Caída",IF(AC16>=AE16,"Capacidad","S mínima")))) | T16: =IF(C16="","",IF(V16=0,"REVISAR datos",IF(AH16=0,"REVISAR ΔV previo",IF(AG16=0,"NO CUMPLE",IF(AB16<1.25*AA16-0.000001,"NO CUMPLE (ITM)",IF(AND(Q16<=AJ16+0.000001,R16<=$F$11+0.000001),"CUMPLE","NO CUMPLE")))))) | V16: =IF(AND(C16<>"",D16<>"",E16<>"",N(F16)>0,N(G16)>0,N(H16)>0,I16<>""),1,0) | W16: =IF(V16=1,MATCH(E16,SIS_NOM,0),1) | X16: =IF(V16=1,MATCH(I16,MET_COD,0),3) | Y16: =(X16-1)*2+IF(INDEX(SIS_CARG,W16)=3,2,1) | Z16: =IF(I16="D",INDEX(FT_TER,MATCH($F$9,FT_T,0)),INDEX(FT_AIR,MATCH($F$9,FT_T,0)))*INDEX(FA_F,MIN(COUNT(FA_N),COUNTIF(FA_N,"<"&MAX(1,N(J16)))+1)) | AA16: =IF(V16=1,F16/(INDEX(SIS_K,W16)*INDEX(SIS_V,W16)*G16),0) | AB16: =INDEX(ITM,MIN(COUNT(ITM),COUNTIF(ITM,"<"&MAX(1.25*AA16,IF(D16="Circuito derivado",N($F$12),0))-0.000001)+1)) | AC16: =COUNTIF(INDEX(TABLA2,0,Y16),"<"&MAX(AB16,1.25*AA16)/Z16-0.000001)+1 | AD16: =IF(V16=1,IF(AL16<=0,99,COUNTIF(SECC,"<"&INDEX(SIS_K2,W16)*$F$10*H16*AA16*G16/AL16-0.000001)+1),1) | AE16: =IFERROR(MATCH(N(K16),SECC,0),2) | AF16: =MAX(AC16,AD16,AE16) | AG16: =IF(AF16<=COUNT(INDEX(TABLA2,0,Y16)),1,0) | AH16: =IF(OR(ISBLANK(L16),ISNUMBER(L16)),1,0) | AI16: =MIN(AJ16,$F$11-N(L16)) | AJ16: =IF(V16=1,INDEX(TRAMO_LIM,MATCH(D16,TRAMO_NOM,0)),2.5) | AK16: =SQRT(MAX(0,1-N(G16)^2)) | AL16: =AI16/100*INDEX(SIS_V,W16)-INDEX(SIS_K2,W16)*N(H16)*AA16*$F$13/1000*AK16
B17: 3 | C17: TD-1 · C-1 Alumbrado | D17: Circuito derivado | E17: Monofásico 220 V | F17: 800 | G17: 1 | H17: 22 | I17: B1 | J17: 2 | K17: 2.5 | L17: =R16 | M17: =IF(V17=1,AA17,"") | N17: =IF(V17=1,AB17,"") | O17: =IF(V17=1,IF(AG17=1,INDEX(SECC,AF17),"Insuficiente"),"") | P17: =IF(AND(V17=1,AG17=1),INDEX(TABLA2,AF17,Y17)*Z17,"") | Q17: =IF(AND(V17=1,AG17=1),100*INDEX(SIS_K2,W17)*H17*AA17*($F$10*G17/O17+$F$13/1000*AK17)/INDEX(SIS_V,W17),"") | R17: =IF(AND(V17=1,AG17=1),N(L17)+Q17,"") | S17: =IF(V17=0,"",IF(AG17=0,"Insuficiente",IF(AND(AD17>AC17,AD17>=AE17),"Caída",IF(AC17>=AE17,"Capacidad","S mínima")))) | T17: =IF(C17="","",IF(V17=0,"REVISAR datos",IF(AH17=0,"REVISAR ΔV previo",IF(AG17=0,"NO CUMPLE",IF(AB17<1.25*AA17-0.000001,"NO CUMPLE (ITM)",IF(AND(Q17<=AJ17+0.000001,R17<=$F$11+0.000001),"CUMPLE","NO CUMPLE")))))) | V17: =IF(AND(C17<>"",D17<>"",E17<>"",N(F17)>0,N(G17)>0,N(H17)>0,I17<>""),1,0) | W17: =IF(V17=1,MATCH(E17,SIS_NOM,0),1) | X17: =IF(V17=1,MATCH(I17,MET_COD,0),3) | Y17: =(X17-1)*2+IF(INDEX(SIS_CARG,W17)=3,2,1) | Z17: =IF(I17="D",INDEX(FT_TER,MATCH($F$9,FT_T,0)),INDEX(FT_AIR,MATCH($F$9,FT_T,0)))*INDEX(FA_F,MIN(COUNT(FA_N),COUNTIF(FA_N,"<"&MAX(1,N(J17)))+1)) | AA17: =IF(V17=1,F17/(INDEX(SIS_K,W17)*INDEX(SIS_V,W17)*G17),0) | AB17: =INDEX(ITM,MIN(COUNT(ITM),COUNTIF(ITM,"<"&MAX(1.25*AA17,IF(D17="Circuito derivado",N($F$12),0))-0.000001)+1)) | AC17: =COUNTIF(INDEX(TABLA2,0,Y17),"<"&MAX(AB17,1.25*AA17)/Z17-0.000001)+1 | AD17: =IF(V17=1,IF(AL17<=0,99,COUNTIF(SECC,"<"&INDEX(SIS_K2,W17)*$F$10*H17*AA17*G17/AL17-0.000001)+1),1) | AE17: =IFERROR(MATCH(N(K17),SECC,0),2) | AF17: =MAX(AC17,AD17,AE17) | AG17: =IF(AF17<=COUNT(INDEX(TABLA2,0,Y17)),1,0) | AH17: =IF(OR(ISBLANK(L17),ISNUMBER(L17)),1,0) | AI17: =MIN(AJ17,$F$11-N(L17)) | AJ17: =IF(V17=1,INDEX(TRAMO_LIM,MATCH(D17,TRAMO_NOM,0)),2.5) | AK17: =SQRT(MAX(0,1-N(G17)^2)) | AL17: =AI17/100*INDEX(SIS_V,W17)-INDEX(SIS_K2,W17)*N(H17)*AA17*$F$13/1000*AK17
B18: 4 | C18: TD-1 · C-2 Tomacorrientes | D18: Circuito derivado | E18: Monofásico 220 V | F18: 1800 | G18: 0.9 | H18: 25 | I18: B1 | J18: 2 | K18: 4 | L18: =R16 | M18: =IF(V18=1,AA18,"") | N18: =IF(V18=1,AB18,"") | O18: =IF(V18=1,IF(AG18=1,INDEX(SECC,AF18),"Insuficiente"),"") | P18: =IF(AND(V18=1,AG18=1),INDEX(TABLA2,AF18,Y18)*Z18,"") | Q18: =IF(AND(V18=1,AG18=1),100*INDEX(SIS_K2,W18)*H18*AA18*($F$10*G18/O18+$F$13/1000*AK18)/INDEX(SIS_V,W18),"") | R18: =IF(AND(V18=1,AG18=1),N(L18)+Q18,"") | S18: =IF(V18=0,"",IF(AG18=0,"Insuficiente",IF(AND(AD18>AC18,AD18>=AE18),"Caída",IF(AC18>=AE18,"Capacidad","S mínima")))) | T18: =IF(C18="","",IF(V18=0,"REVISAR datos",IF(AH18=0,"REVISAR ΔV previo",IF(AG18=0,"NO CUMPLE",IF(AB18<1.25*AA18-0.000001,"NO CUMPLE (ITM)",IF(AND(Q18<=AJ18+0.000001,R18<=$F$11+0.000001),"CUMPLE","NO CUMPLE")))))) | V18: =IF(AND(C18<>"",D18<>"",E18<>"",N(F18)>0,N(G18)>0,N(H18)>0,I18<>""),1,0) | W18: =IF(V18=1,MATCH(E18,SIS_NOM,0),1) | X18: =IF(V18=1,MATCH(I18,MET_COD,0),3) | Y18: =(X18-1)*2+IF(INDEX(SIS_CARG,W18)=3,2,1) | Z18: =IF(I18="D",INDEX(FT_TER,MATCH($F$9,FT_T,0)),INDEX(FT_AIR,MATCH($F$9,FT_T,0)))*INDEX(FA_F,MIN(COUNT(FA_N),COUNTIF(FA_N,"<"&MAX(1,N(J18)))+1)) | AA18: =IF(V18=1,F18/(INDEX(SIS_K,W18)*INDEX(SIS_V,W18)*G18),0) | AB18: =INDEX(ITM,MIN(COUNT(ITM),COUNTIF(ITM,"<"&MAX(1.25*AA18,IF(D18="Circuito derivado",N($F$12),0))-0.000001)+1)) | AC18: =COUNTIF(INDEX(TABLA2,0,Y18),"<"&MAX(AB18,1.25*AA18)/Z18-0.000001)+1 | AD18: =IF(V18=1,IF(AL18<=0,99,COUNTIF(SECC,"<"&INDEX(SIS_K2,W18)*$F$10*H18*AA18*G18/AL18-0.000001)+1),1) | AE18: =IFERROR(MATCH(N(K18),SECC,0),2) | AF18: =MAX(AC18,AD18,AE18) | AG18: =IF(AF18<=COUNT(INDEX(TABLA2,0,Y18)),1,0) | AH18: =IF(OR(ISBLANK(L18),ISNUMBER(L18)),1,0) | AI18: =MIN(AJ18,$F$11-N(L18)) | AJ18: =IF(V18=1,INDEX(TRAMO_LIM,MATCH(D18,TRAMO_NOM,0)),2.5) | AK18: =SQRT(MAX(0,1-N(G18)^2)) | AL18: =AI18/100*INDEX(SIS_V,W18)-INDEX(SIS_K2,W18)*N(H18)*AA18*$F$13/1000*AK18
B19: 5 | C19: TD-1 · C-3 Cocina eléctrica | D19: Circuito derivado | E19: Monofásico 220 V | F19: 8000 | G19: 1 | H19: 14 | I19: B1 | J19: 1 | K19: 4 | L19: =R16 | M19: =IF(V19=1,AA19,"") | N19: =IF(V19=1,AB19,"") | O19: =IF(V19=1,IF(AG19=1,INDEX(SECC,AF19),"Insuficiente"),"") | P19: =IF(AND(V19=1,AG19=1),INDEX(TABLA2,AF19,Y19)*Z19,"") | Q19: =IF(AND(V19=1,AG19=1),100*INDEX(SIS_K2,W19)*H19*AA19*($F$10*G19/O19+$F$13/1000*AK19)/INDEX(SIS_V,W19),"") | R19: =IF(AND(V19=1,AG19=1),N(L19)+Q19,"") | S19: =IF(V19=0,"",IF(AG19=0,"Insuficiente",IF(AND(AD19>AC19,AD19>=AE19),"Caída",IF(AC19>=AE19,"Capacidad","S mínima")))) | T19: =IF(C19="","",IF(V19=0,"REVISAR datos",IF(AH19=0,"REVISAR ΔV previo",IF(AG19=0,"NO CUMPLE",IF(AB19<1.25*AA19-0.000001,"NO CUMPLE (ITM)",IF(AND(Q19<=AJ19+0.000001,R19<=$F$11+0.000001),"CUMPLE","NO CUMPLE")))))) | V19: =IF(AND(C19<>"",D19<>"",E19<>"",N(F19)>0,N(G19)>0,N(H19)>0,I19<>""),1,0) | W19: =IF(V19=1,MATCH(E19,SIS_NOM,0),1) | X19: =IF(V19=1,MATCH(I19,MET_COD,0),3) | Y19: =(X19-1)*2+IF(INDEX(SIS_CARG,W19)=3,2,1) | Z19: =IF(I19="D",INDEX(FT_TER,MATCH($F$9,FT_T,0)),INDEX(FT_AIR,MATCH($F$9,FT_T,0)))*INDEX(FA_F,MIN(COUNT(FA_N),COUNTIF(FA_N,"<"&MAX(1,N(J19)))+1)) | AA19: =IF(V19=1,F19/(INDEX(SIS_K,W19)*INDEX(SIS_V,W19)*G19),0) | AB19: =INDEX(ITM,MIN(COUNT(ITM),COUNTIF(ITM,"<"&MAX(1.25*AA19,IF(D19="Circuito derivado",N($F$12),0))-0.000001)+1)) | AC19: =COUNTIF(INDEX(TABLA2,0,Y19),"<"&MAX(AB19,1.25*AA19)/Z19-0.000001)+1 | AD19: =IF(V19=1,IF(AL19<=0,99,COUNTIF(SECC,"<"&INDEX(SIS_K2,W19)*$F$10*H19*AA19*G19/AL19-0.000001)+1),1) | AE19: =IFERROR(MATCH(N(K19),SECC,0),2) | AF19: =MAX(AC19,AD19,AE19) | AG19: =IF(AF19<=COUNT(INDEX(TABLA2,0,Y19)),1,0) | AH19: =IF(OR(ISBLANK(L19),ISNUMBER(L19)),1,0) | AI19: =MIN(AJ19,$F$11-N(L19)) | AJ19: =IF(V19=1,INDEX(TRAMO_LIM,MATCH(D19,TRAMO_NOM,0)),2.5) | AK19: =SQRT(MAX(0,1-N(G19)^2)) | AL19: =AI19/100*INDEX(SIS_V,W19)-INDEX(SIS_K2,W19)*N(H19)*AA19*$F$13/1000*AK19
B20: 6 | C20: TD-1 · C-4 Terma | D20: Circuito derivado | E20: Monofásico 220 V | F20: 1500 | G20: 1 | H20: 12 | I20: B1 | J20: 1 | K20: 4 | L20: =R16 | M20: =IF(V20=1,AA20,"") | N20: =IF(V20=1,AB20,"") | O20: =IF(V20=1,IF(AG20=1,INDEX(SECC,AF20),"Insuficiente"),"") | P20: =IF(AND(V20=1,AG20=1),INDEX(TABLA2,AF20,Y20)*Z20,"") | Q20: =IF(AND(V20=1,AG20=1),100*INDEX(SIS_K2,W20)*H20*AA20*($F$10*G20/O20+$F$13/1000*AK20)/INDEX(SIS_V,W20),"") | R20: =IF(AND(V20=1,AG20=1),N(L20)+Q20,"") | S20: =IF(V20=0,"",IF(AG20=0,"Insuficiente",IF(AND(AD20>AC20,AD20>=AE20),"Caída",IF(AC20>=AE20,"Capacidad","S mínima")))) | T20: =IF(C20="","",IF(V20=0,"REVISAR datos",IF(AH20=0,"REVISAR ΔV previo",IF(AG20=0,"NO CUMPLE",IF(AB20<1.25*AA20-0.000001,"NO CUMPLE (ITM)",IF(AND(Q20<=AJ20+0.000001,R20<=$F$11+0.000001),"CUMPLE","NO CUMPLE")))))) | V20: =IF(AND(C20<>"",D20<>"",E20<>"",N(F20)>0,N(G20)>0,N(H20)>0,I20<>""),1,0) | W20: =IF(V20=1,MATCH(E20,SIS_NOM,0),1) | X20: =IF(V20=1,MATCH(I20,MET_COD,0),3) | Y20: =(X20-1)*2+IF(INDEX(SIS_CARG,W20)=3,2,1) | Z20: =IF(I20="D",INDEX(FT_TER,MATCH($F$9,FT_T,0)),INDEX(FT_AIR,MATCH($F$9,FT_T,0)))*INDEX(FA_F,MIN(COUNT(FA_N),COUNTIF(FA_N,"<"&MAX(1,N(J20)))+1)) | AA20: =IF(V20=1,F20/(INDEX(SIS_K,W20)*INDEX(SIS_V,W20)*G20),0) | AB20: =INDEX(ITM,MIN(COUNT(ITM),COUNTIF(ITM,"<"&MAX(1.25*AA20,IF(D20="Circuito derivado",N($F$12),0))-0.000001)+1)) | AC20: =COUNTIF(INDEX(TABLA2,0,Y20),"<"&MAX(AB20,1.25*AA20)/Z20-0.000001)+1 | AD20: =IF(V20=1,IF(AL20<=0,99,COUNTIF(SECC,"<"&INDEX(SIS_K2,W20)*$F$10*H20*AA20*G20/AL20-0.000001)+1),1) | AE20: =IFERROR(MATCH(N(K20),SECC,0),2) | AF20: =MAX(AC20,AD20,AE20) | AG20: =IF(AF20<=COUNT(INDEX(TABLA2,0,Y20)),1,0) | AH20: =IF(OR(ISBLANK(L20),ISNUMBER(L20)),1,0) | AI20: =MIN(AJ20,$F$11-N(L20)) | AJ20: =IF(V20=1,INDEX(TRAMO_LIM,MATCH(D20,TRAMO_NOM,0)),2.5) | AK20: =SQRT(MAX(0,1-N(G20)^2)) | AL20: =AI20/100*INDEX(SIS_V,W20)-INDEX(SIS_K2,W20)*N(H20)*AA20*$F$13/1000*AK20
B21: 7 | C21: TG → Electrobomba 2 HP (trifásica) | D21: Circuito derivado | E21: Trifásico 380/220 V (4 hilos) | F21: 1870 | G21: 0.85 | H21: 30 | I21: B1 | J21: 1 | K21: 2.5 | L21: =R15 | M21: =IF(V21=1,AA21,"") | N21: =IF(V21=1,AB21,"") | O21: =IF(V21=1,IF(AG21=1,INDEX(SECC,AF21),"Insuficiente"),"") | P21: =IF(AND(V21=1,AG21=1),INDEX(TABLA2,AF21,Y21)*Z21,"") | Q21: =IF(AND(V21=1,AG21=1),100*INDEX(SIS_K2,W21)*H21*AA21*($F$10*G21/O21+$F$13/1000*AK21)/INDEX(SIS_V,W21),"") | R21: =IF(AND(V21=1,AG21=1),N(L21)+Q21,"") | S21: =IF(V21=0,"",IF(AG21=0,"Insuficiente",IF(AND(AD21>AC21,AD21>=AE21),"Caída",IF(AC21>=AE21,"Capacidad","S mínima")))) | T21: =IF(C21="","",IF(V21=0,"REVISAR datos",IF(AH21=0,"REVISAR ΔV previo",IF(AG21=0,"NO CUMPLE",IF(AB21<1.25*AA21-0.000001,"NO CUMPLE (ITM)",IF(AND(Q21<=AJ21+0.000001,R21<=$F$11+0.000001),"CUMPLE","NO CUMPLE")))))) | V21: =IF(AND(C21<>"",D21<>"",E21<>"",N(F21)>0,N(G21)>0,N(H21)>0,I21<>""),1,0) | W21: =IF(V21=1,MATCH(E21,SIS_NOM,0),1) | X21: =IF(V21=1,MATCH(I21,MET_COD,0),3) | Y21: =(X21-1)*2+IF(INDEX(SIS_CARG,W21)=3,2,1) | Z21: =IF(I21="D",INDEX(FT_TER,MATCH($F$9,FT_T,0)),INDEX(FT_AIR,MATCH($F$9,FT_T,0)))*INDEX(FA_F,MIN(COUNT(FA_N),COUNTIF(FA_N,"<"&MAX(1,N(J21)))+1)) | AA21: =IF(V21=1,F21/(INDEX(SIS_K,W21)*INDEX(SIS_V,W21)*G21),0) | AB21: =INDEX(ITM,MIN(COUNT(ITM),COUNTIF(ITM,"<"&MAX(1.25*AA21,IF(D21="Circuito derivado",N($F$12),0))-0.000001)+1)) | AC21: =COUNTIF(INDEX(TABLA2,0,Y21),"<"&MAX(AB21,1.25*AA21)/Z21-0.000001)+1 | AD21: =IF(V21=1,IF(AL21<=0,99,COUNTIF(SECC,"<"&INDEX(SIS_K2,W21)*$F$10*H21*AA21*G21/AL21-0.000001)+1),1) | AE21: =IFERROR(MATCH(N(K21),SECC,0),2) | AF21: =MAX(AC21,AD21,AE21) | AG21: =IF(AF21<=COUNT(INDEX(TABLA2,0,Y21)),1,0) | AH21: =IF(OR(ISBLANK(L21),ISNUMBER(L21)),1,0) | AI21: =MIN(AJ21,$F$11-N(L21)) | AJ21: =IF(V21=1,INDEX(TRAMO_LIM,MATCH(D21,TRAMO_NOM,0)),2.5) | AK21: =SQRT(MAX(0,1-N(G21)^2)) | AL21: =AI21/100*INDEX(SIS_V,W21)-INDEX(SIS_K2,W21)*N(H21)*AA21*$F$13/1000*AK21
B22: 8 | M22: =IF(V22=1,AA22,"") | N22: =IF(V22=1,AB22,"") | O22: =IF(V22=1,IF(AG22=1,INDEX(SECC,AF22),"Insuficiente"),"") | P22: =IF(AND(V22=1,AG22=1),INDEX(TABLA2,AF22,Y22)*Z22,"") | Q22: =IF(AND(V22=1,AG22=1),100*INDEX(SIS_K2,W22)*H22*AA22*($F$10*G22/O22+$F$13/1000*AK22)/INDEX(SIS_V,W22),"") | R22: =IF(AND(V22=1,AG22=1),N(L22)+Q22,"") | S22: =IF(V22=0,"",IF(AG22=0,"Insuficiente",IF(AND(AD22>AC22,AD22>=AE22),"Caída",IF(AC22>=AE22,"Capacidad","S mínima")))) | T22: =IF(C22="","",IF(V22=0,"REVISAR datos",IF(AH22=0,"REVISAR ΔV previo",IF(AG22=0,"NO CUMPLE",IF(AB22<1.25*AA22-0.000001,"NO CUMPLE (ITM)",IF(AND(Q22<=AJ22+0.000001,R22<=$F$11+0.000001),"CUMPLE","NO CUMPLE")))))) | V22: =IF(AND(C22<>"",D22<>"",E22<>"",N(F22)>0,N(G22)>0,N(H22)>0,I22<>""),1,0) | W22: =IF(V22=1,MATCH(E22,SIS_NOM,0),1) | X22: =IF(V22=1,MATCH(I22,MET_COD,0),3) | Y22: =(X22-1)*2+IF(INDEX(SIS_CARG,W22)=3,2,1) | Z22: =IF(I22="D",INDEX(FT_TER,MATCH($F$9,FT_T,0)),INDEX(FT_AIR,MATCH($F$9,FT_T,0)))*INDEX(FA_F,MIN(COUNT(FA_N),COUNTIF(FA_N,"<"&MAX(1,N(J22)))+1)) | AA22: =IF(V22=1,F22/(INDEX(SIS_K,W22)*INDEX(SIS_V,W22)*G22),0) | AB22: =INDEX(ITM,MIN(COUNT(ITM),COUNTIF(ITM,"<"&MAX(1.25*AA22,IF(D22="Circuito derivado",N($F$12),0))-0.000001)+1)) | AC22: =COUNTIF(INDEX(TABLA2,0,Y22),"<"&MAX(AB22,1.25*AA22)/Z22-0.000001)+1 | AD22: =IF(V22=1,IF(AL22<=0,99,COUNTIF(SECC,"<"&INDEX(SIS_K2,W22)*$F$10*H22*AA22*G22/AL22-0.000001)+1),1) | AE22: =IFERROR(MATCH(N(K22),SECC,0),2) | AF22: =MAX(AC22,AD22,AE22) | AG22: =IF(AF22<=COUNT(INDEX(TABLA2,0,Y22)),1,0) | AH22: =IF(OR(ISBLANK(L22),ISNUMBER(L22)),1,0) | AI22: =MIN(AJ22,$F$11-N(L22)) | AJ22: =IF(V22=1,INDEX(TRAMO_LIM,MATCH(D22,TRAMO_NOM,0)),2.5) | AK22: =SQRT(MAX(0,1-N(G22)^2)) | AL22: =AI22/100*INDEX(SIS_V,W22)-INDEX(SIS_K2,W22)*N(H22)*AA22*$F$13/1000*AK22
B23: 9 | M23: =IF(V23=1,AA23,"") | N23: =IF(V23=1,AB23,"") | O23: =IF(V23=1,IF(AG23=1,INDEX(SECC,AF23),"Insuficiente"),"") | P23: =IF(AND(V23=1,AG23=1),INDEX(TABLA2,AF23,Y23)*Z23,"") | Q23: =IF(AND(V23=1,AG23=1),100*INDEX(SIS_K2,W23)*H23*AA23*($F$10*G23/O23+$F$13/1000*AK23)/INDEX(SIS_V,W23),"") | R23: =IF(AND(V23=1,AG23=1),N(L23)+Q23,"") | S23: =IF(V23=0,"",IF(AG23=0,"Insuficiente",IF(AND(AD23>AC23,AD23>=AE23),"Caída",IF(AC23>=AE23,"Capacidad","S mínima")))) | T23: =IF(C23="","",IF(V23=0,"REVISAR datos",IF(AH23=0,"REVISAR ΔV previo",IF(AG23=0,"NO CUMPLE",IF(AB23<1.25*AA23-0.000001,"NO CUMPLE (ITM)",IF(AND(Q23<=AJ23+0.000001,R23<=$F$11+0.000001),"CUMPLE","NO CUMPLE")))))) | V23: =IF(AND(C23<>"",D23<>"",E23<>"",N(F23)>0,N(G23)>0,N(H23)>0,I23<>""),1,0) | W23: =IF(V23=1,MATCH(E23,SIS_NOM,0),1) | X23: =IF(V23=1,MATCH(I23,MET_COD,0),3) | Y23: =(X23-1)*2+IF(INDEX(SIS_CARG,W23)=3,2,1) | Z23: =IF(I23="D",INDEX(FT_TER,MATCH($F$9,FT_T,0)),INDEX(FT_AIR,MATCH($F$9,FT_T,0)))*INDEX(FA_F,MIN(COUNT(FA_N),COUNTIF(FA_N,"<"&MAX(1,N(J23)))+1)) | AA23: =IF(V23=1,F23/(INDEX(SIS_K,W23)*INDEX(SIS_V,W23)*G23),0) | AB23: =INDEX(ITM,MIN(COUNT(ITM),COUNTIF(ITM,"<"&MAX(1.25*AA23,IF(D23="Circuito derivado",N($F$12),0))-0.000001)+1)) | AC23: =COUNTIF(INDEX(TABLA2,0,Y23),"<"&MAX(AB23,1.25*AA23)/Z23-0.000001)+1 | AD23: =IF(V23=1,IF(AL23<=0,99,COUNTIF(SECC,"<"&INDEX(SIS_K2,W23)*$F$10*H23*AA23*G23/AL23-0.000001)+1),1) | AE23: =IFERROR(MATCH(N(K23),SECC,0),2) | AF23: =MAX(AC23,AD23,AE23) | AG23: =IF(AF23<=COUNT(INDEX(TABLA2,0,Y23)),1,0) | AH23: =IF(OR(ISBLANK(L23),ISNUMBER(L23)),1,0) | AI23: =MIN(AJ23,$F$11-N(L23)) | AJ23: =IF(V23=1,INDEX(TRAMO_LIM,MATCH(D23,TRAMO_NOM,0)),2.5) | AK23: =SQRT(MAX(0,1-N(G23)^2)) | AL23: =AI23/100*INDEX(SIS_V,W23)-INDEX(SIS_K2,W23)*N(H23)*AA23*$F$13/1000*AK23
B24: 10 | M24: =IF(V24=1,AA24,"") | N24: =IF(V24=1,AB24,"") | O24: =IF(V24=1,IF(AG24=1,INDEX(SECC,AF24),"Insuficiente"),"") | P24: =IF(AND(V24=1,AG24=1),INDEX(TABLA2,AF24,Y24)*Z24,"") | Q24: =IF(AND(V24=1,AG24=1),100*INDEX(SIS_K2,W24)*H24*AA24*($F$10*G24/O24+$F$13/1000*AK24)/INDEX(SIS_V,W24),"") | R24: =IF(AND(V24=1,AG24=1),N(L24)+Q24,"") | S24: =IF(V24=0,"",IF(AG24=0,"Insuficiente",IF(AND(AD24>AC24,AD24>=AE24),"Caída",IF(AC24>=AE24,"Capacidad","S mínima")))) | T24: =IF(C24="","",IF(V24=0,"REVISAR datos",IF(AH24=0,"REVISAR ΔV previo",IF(AG24=0,"NO CUMPLE",IF(AB24<1.25*AA24-0.000001,"NO CUMPLE (ITM)",IF(AND(Q24<=AJ24+0.000001,R24<=$F$11+0.000001),"CUMPLE","NO CUMPLE")))))) | V24: =IF(AND(C24<>"",D24<>"",E24<>"",N(F24)>0,N(G24)>0,N(H24)>0,I24<>""),1,0) | W24: =IF(V24=1,MATCH(E24,SIS_NOM,0),1) | X24: =IF(V24=1,MATCH(I24,MET_COD,0),3) | Y24: =(X24-1)*2+IF(INDEX(SIS_CARG,W24)=3,2,1) | Z24: =IF(I24="D",INDEX(FT_TER,MATCH($F$9,FT_T,0)),INDEX(FT_AIR,MATCH($F$9,FT_T,0)))*INDEX(FA_F,MIN(COUNT(FA_N),COUNTIF(FA_N,"<"&MAX(1,N(J24)))+1)) | AA24: =IF(V24=1,F24/(INDEX(SIS_K,W24)*INDEX(SIS_V,W24)*G24),0) | AB24: =INDEX(ITM,MIN(COUNT(ITM),COUNTIF(ITM,"<"&MAX(1.25*AA24,IF(D24="Circuito derivado",N($F$12),0))-0.000001)+1)) | AC24: =COUNTIF(INDEX(TABLA2,0,Y24),"<"&MAX(AB24,1.25*AA24)/Z24-0.000001)+1 | AD24: =IF(V24=1,IF(AL24<=0,99,COUNTIF(SECC,"<"&INDEX(SIS_K2,W24)*$F$10*H24*AA24*G24/AL24-0.000001)+1),1) | AE24: =IFERROR(MATCH(N(K24),SECC,0),2) | AF24: =MAX(AC24,AD24,AE24) | AG24: =IF(AF24<=COUNT(INDEX(TABLA2,0,Y24)),1,0) | AH24: =IF(OR(ISBLANK(L24),ISNUMBER(L24)),1,0) | AI24: =MIN(AJ24,$F$11-N(L24)) | AJ24: =IF(V24=1,INDEX(TRAMO_LIM,MATCH(D24,TRAMO_NOM,0)),2.5) | AK24: =SQRT(MAX(0,1-N(G24)^2)) | AL24: =AI24/100*INDEX(SIS_V,W24)-INDEX(SIS_K2,W24)*N(H24)*AA24*$F$13/1000*AK24
B25: 11 | M25: =IF(V25=1,AA25,"") | N25: =IF(V25=1,AB25,"") | O25: =IF(V25=1,IF(AG25=1,INDEX(SECC,AF25),"Insuficiente"),"") | P25: =IF(AND(V25=1,AG25=1),INDEX(TABLA2,AF25,Y25)*Z25,"") | Q25: =IF(AND(V25=1,AG25=1),100*INDEX(SIS_K2,W25)*H25*AA25*($F$10*G25/O25+$F$13/1000*AK25)/INDEX(SIS_V,W25),"") | R25: =IF(AND(V25=1,AG25=1),N(L25)+Q25,"") | S25: =IF(V25=0,"",IF(AG25=0,"Insuficiente",IF(AND(AD25>AC25,AD25>=AE25),"Caída",IF(AC25>=AE25,"Capacidad","S mínima")))) | T25: =IF(C25="","",IF(V25=0,"REVISAR datos",IF(AH25=0,"REVISAR ΔV previo",IF(AG25=0,"NO CUMPLE",IF(AB25<1.25*AA25-0.000001,"NO CUMPLE (ITM)",IF(AND(Q25<=AJ25+0.000001,R25<=$F$11+0.000001),"CUMPLE","NO CUMPLE")))))) | V25: =IF(AND(C25<>"",D25<>"",E25<>"",N(F25)>0,N(G25)>0,N(H25)>0,I25<>""),1,0) | W25: =IF(V25=1,MATCH(E25,SIS_NOM,0),1) | X25: =IF(V25=1,MATCH(I25,MET_COD,0),3) | Y25: =(X25-1)*2+IF(INDEX(SIS_CARG,W25)=3,2,1) | Z25: =IF(I25="D",INDEX(FT_TER,MATCH($F$9,FT_T,0)),INDEX(FT_AIR,MATCH($F$9,FT_T,0)))*INDEX(FA_F,MIN(COUNT(FA_N),COUNTIF(FA_N,"<"&MAX(1,N(J25)))+1)) | AA25: =IF(V25=1,F25/(INDEX(SIS_K,W25)*INDEX(SIS_V,W25)*G25),0) | AB25: =INDEX(ITM,MIN(COUNT(ITM),COUNTIF(ITM,"<"&MAX(1.25*AA25,IF(D25="Circuito derivado",N($F$12),0))-0.000001)+1)) | AC25: =COUNTIF(INDEX(TABLA2,0,Y25),"<"&MAX(AB25,1.25*AA25)/Z25-0.000001)+1 | AD25: =IF(V25=1,IF(AL25<=0,99,COUNTIF(SECC,"<"&INDEX(SIS_K2,W25)*$F$10*H25*AA25*G25/AL25-0.000001)+1),1) | AE25: =IFERROR(MATCH(N(K25),SECC,0),2) | AF25: =MAX(AC25,AD25,AE25) | AG25: =IF(AF25<=COUNT(INDEX(TABLA2,0,Y25)),1,0) | AH25: =IF(OR(ISBLANK(L25),ISNUMBER(L25)),1,0) | AI25: =MIN(AJ25,$F$11-N(L25)) | AJ25: =IF(V25=1,INDEX(TRAMO_LIM,MATCH(D25,TRAMO_NOM,0)),2.5) | AK25: =SQRT(MAX(0,1-N(G25)^2)) | AL25: =AI25/100*INDEX(SIS_V,W25)-INDEX(SIS_K2,W25)*N(H25)*AA25*$F$13/1000*AK25
B26: 12 | M26: =IF(V26=1,AA26,"") | N26: =IF(V26=1,AB26,"") | O26: =IF(V26=1,IF(AG26=1,INDEX(SECC,AF26),"Insuficiente"),"") | P26: =IF(AND(V26=1,AG26=1),INDEX(TABLA2,AF26,Y26)*Z26,"") | Q26: =IF(AND(V26=1,AG26=1),100*INDEX(SIS_K2,W26)*H26*AA26*($F$10*G26/O26+$F$13/1000*AK26)/INDEX(SIS_V,W26),"") | R26: =IF(AND(V26=1,AG26=1),N(L26)+Q26,"") | S26: =IF(V26=0,"",IF(AG26=0,"Insuficiente",IF(AND(AD26>AC26,AD26>=AE26),"Caída",IF(AC26>=AE26,"Capacidad","S mínima")))) | T26: =IF(C26="","",IF(V26=0,"REVISAR datos",IF(AH26=0,"REVISAR ΔV previo",IF(AG26=0,"NO CUMPLE",IF(AB26<1.25*AA26-0.000001,"NO CUMPLE (ITM)",IF(AND(Q26<=AJ26+0.000001,R26<=$F$11+0.000001),"CUMPLE","NO CUMPLE")))))) | V26: =IF(AND(C26<>"",D26<>"",E26<>"",N(F26)>0,N(G26)>0,N(H26)>0,I26<>""),1,0) | W26: =IF(V26=1,MATCH(E26,SIS_NOM,0),1) | X26: =IF(V26=1,MATCH(I26,MET_COD,0),3) | Y26: =(X26-1)*2+IF(INDEX(SIS_CARG,W26)=3,2,1) | Z26: =IF(I26="D",INDEX(FT_TER,MATCH($F$9,FT_T,0)),INDEX(FT_AIR,MATCH($F$9,FT_T,0)))*INDEX(FA_F,MIN(COUNT(FA_N),COUNTIF(FA_N,"<"&MAX(1,N(J26)))+1)) | AA26: =IF(V26=1,F26/(INDEX(SIS_K,W26)*INDEX(SIS_V,W26)*G26),0) | AB26: =INDEX(ITM,MIN(COUNT(ITM),COUNTIF(ITM,"<"&MAX(1.25*AA26,IF(D26="Circuito derivado",N($F$12),0))-0.000001)+1)) | AC26: =COUNTIF(INDEX(TABLA2,0,Y26),"<"&MAX(AB26,1.25*AA26)/Z26-0.000001)+1 | AD26: =IF(V26=1,IF(AL26<=0,99,COUNTIF(SECC,"<"&INDEX(SIS_K2,W26)*$F$10*H26*AA26*G26/AL26-0.000001)+1),1) | AE26: =IFERROR(MATCH(N(K26),SECC,0),2) | AF26: =MAX(AC26,AD26,AE26) | AG26: =IF(AF26<=COUNT(INDEX(TABLA2,0,Y26)),1,0) | AH26: =IF(OR(ISBLANK(L26),ISNUMBER(L26)),1,0) | AI26: =MIN(AJ26,$F$11-N(L26)) | AJ26: =IF(V26=1,INDEX(TRAMO_LIM,MATCH(D26,TRAMO_NOM,0)),2.5) | AK26: =SQRT(MAX(0,1-N(G26)^2)) | AL26: =AI26/100*INDEX(SIS_V,W26)-INDEX(SIS_K2,W26)*N(H26)*AA26*$F$13/1000*AK26
B27: 13 | M27: =IF(V27=1,AA27,"") | N27: =IF(V27=1,AB27,"") | O27: =IF(V27=1,IF(AG27=1,INDEX(SECC,AF27),"Insuficiente"),"") | P27: =IF(AND(V27=1,AG27=1),INDEX(TABLA2,AF27,Y27)*Z27,"") | Q27: =IF(AND(V27=1,AG27=1),100*INDEX(SIS_K2,W27)*H27*AA27*($F$10*G27/O27+$F$13/1000*AK27)/INDEX(SIS_V,W27),"") | R27: =IF(AND(V27=1,AG27=1),N(L27)+Q27,"") | S27: =IF(V27=0,"",IF(AG27=0,"Insuficiente",IF(AND(AD27>AC27,AD27>=AE27),"Caída",IF(AC27>=AE27,"Capacidad","S mínima")))) | T27: =IF(C27="","",IF(V27=0,"REVISAR datos",IF(AH27=0,"REVISAR ΔV previo",IF(AG27=0,"NO CUMPLE",IF(AB27<1.25*AA27-0.000001,"NO CUMPLE (ITM)",IF(AND(Q27<=AJ27+0.000001,R27<=$F$11+0.000001),"CUMPLE","NO CUMPLE")))))) | V27: =IF(AND(C27<>"",D27<>"",E27<>"",N(F27)>0,N(G27)>0,N(H27)>0,I27<>""),1,0) | W27: =IF(V27=1,MATCH(E27,SIS_NOM,0),1) | X27: =IF(V27=1,MATCH(I27,MET_COD,0),3) | Y27: =(X27-1)*2+IF(INDEX(SIS_CARG,W27)=3,2,1) | Z27: =IF(I27="D",INDEX(FT_TER,MATCH($F$9,FT_T,0)),INDEX(FT_AIR,MATCH($F$9,FT_T,0)))*INDEX(FA_F,MIN(COUNT(FA_N),COUNTIF(FA_N,"<"&MAX(1,N(J27)))+1)) | AA27: =IF(V27=1,F27/(INDEX(SIS_K,W27)*INDEX(SIS_V,W27)*G27),0) | AB27: =INDEX(ITM,MIN(COUNT(ITM),COUNTIF(ITM,"<"&MAX(1.25*AA27,IF(D27="Circuito derivado",N($F$12),0))-0.000001)+1)) | AC27: =COUNTIF(INDEX(TABLA2,0,Y27),"<"&MAX(AB27,1.25*AA27)/Z27-0.000001)+1 | AD27: =IF(V27=1,IF(AL27<=0,99,COUNTIF(SECC,"<"&INDEX(SIS_K2,W27)*$F$10*H27*AA27*G27/AL27-0.000001)+1),1) | AE27: =IFERROR(MATCH(N(K27),SECC,0),2) | AF27: =MAX(AC27,AD27,AE27) | AG27: =IF(AF27<=COUNT(INDEX(TABLA2,0,Y27)),1,0) | AH27: =IF(OR(ISBLANK(L27),ISNUMBER(L27)),1,0) | AI27: =MIN(AJ27,$F$11-N(L27)) | AJ27: =IF(V27=1,INDEX(TRAMO_LIM,MATCH(D27,TRAMO_NOM,0)),2.5) | AK27: =SQRT(MAX(0,1-N(G27)^2)) | AL27: =AI27/100*INDEX(SIS_V,W27)-INDEX(SIS_K2,W27)*N(H27)*AA27*$F$13/1000*AK27
B28: 14 | M28: =IF(V28=1,AA28,"") | N28: =IF(V28=1,AB28,"") | O28: =IF(V28=1,IF(AG28=1,INDEX(SECC,AF28),"Insuficiente"),"") | P28: =IF(AND(V28=1,AG28=1),INDEX(TABLA2,AF28,Y28)*Z28,"") | Q28: =IF(AND(V28=1,AG28=1),100*INDEX(SIS_K2,W28)*H28*AA28*($F$10*G28/O28+$F$13/1000*AK28)/INDEX(SIS_V,W28),"") | R28: =IF(AND(V28=1,AG28=1),N(L28)+Q28,"") | S28: =IF(V28=0,"",IF(AG28=0,"Insuficiente",IF(AND(AD28>AC28,AD28>=AE28),"Caída",IF(AC28>=AE28,"Capacidad","S mínima")))) | T28: =IF(C28="","",IF(V28=0,"REVISAR datos",IF(AH28=0,"REVISAR ΔV previo",IF(AG28=0,"NO CUMPLE",IF(AB28<1.25*AA28-0.000001,"NO CUMPLE (ITM)",IF(AND(Q28<=AJ28+0.000001,R28<=$F$11+0.000001),"CUMPLE","NO CUMPLE")))))) | V28: =IF(AND(C28<>"",D28<>"",E28<>"",N(F28)>0,N(G28)>0,N(H28)>0,I28<>""),1,0) | W28: =IF(V28=1,MATCH(E28,SIS_NOM,0),1) | X28: =IF(V28=1,MATCH(I28,MET_COD,0),3) | Y28: =(X28-1)*2+IF(INDEX(SIS_CARG,W28)=3,2,1) | Z28: =IF(I28="D",INDEX(FT_TER,MATCH($F$9,FT_T,0)),INDEX(FT_AIR,MATCH($F$9,FT_T,0)))*INDEX(FA_F,MIN(COUNT(FA_N),COUNTIF(FA_N,"<"&MAX(1,N(J28)))+1)) | AA28: =IF(V28=1,F28/(INDEX(SIS_K,W28)*INDEX(SIS_V,W28)*G28),0) | AB28: =INDEX(ITM,MIN(COUNT(ITM),COUNTIF(ITM,"<"&MAX(1.25*AA28,IF(D28="Circuito derivado",N($F$12),0))-0.000001)+1)) | AC28: =COUNTIF(INDEX(TABLA2,0,Y28),"<"&MAX(AB28,1.25*AA28)/Z28-0.000001)+1 | AD28: =IF(V28=1,IF(AL28<=0,99,COUNTIF(SECC,"<"&INDEX(SIS_K2,W28)*$F$10*H28*AA28*G28/AL28-0.000001)+1),1) | AE28: =IFERROR(MATCH(N(K28),SECC,0),2) | AF28: =MAX(AC28,AD28,AE28) | AG28: =IF(AF28<=COUNT(INDEX(TABLA2,0,Y28)),1,0) | AH28: =IF(OR(ISBLANK(L28),ISNUMBER(L28)),1,0) | AI28: =MIN(AJ28,$F$11-N(L28)) | AJ28: =IF(V28=1,INDEX(TRAMO_LIM,MATCH(D28,TRAMO_NOM,0)),2.5) | AK28: =SQRT(MAX(0,1-N(G28)^2)) | AL28: =AI28/100*INDEX(SIS_V,W28)-INDEX(SIS_K2,W28)*N(H28)*AA28*$F$13/1000*AK28
B29: 15 | M29: =IF(V29=1,AA29,"") | N29: =IF(V29=1,AB29,"") | O29: =IF(V29=1,IF(AG29=1,INDEX(SECC,AF29),"Insuficiente"),"") | P29: =IF(AND(V29=1,AG29=1),INDEX(TABLA2,AF29,Y29)*Z29,"") | Q29: =IF(AND(V29=1,AG29=1),100*INDEX(SIS_K2,W29)*H29*AA29*($F$10*G29/O29+$F$13/1000*AK29)/INDEX(SIS_V,W29),"") | R29: =IF(AND(V29=1,AG29=1),N(L29)+Q29,"") | S29: =IF(V29=0,"",IF(AG29=0,"Insuficiente",IF(AND(AD29>AC29,AD29>=AE29),"Caída",IF(AC29>=AE29,"Capacidad","S mínima")))) | T29: =IF(C29="","",IF(V29=0,"REVISAR datos",IF(AH29=0,"REVISAR ΔV previo",IF(AG29=0,"NO CUMPLE",IF(AB29<1.25*AA29-0.000001,"NO CUMPLE (ITM)",IF(AND(Q29<=AJ29+0.000001,R29<=$F$11+0.000001),"CUMPLE","NO CUMPLE")))))) | V29: =IF(AND(C29<>"",D29<>"",E29<>"",N(F29)>0,N(G29)>0,N(H29)>0,I29<>""),1,0) | W29: =IF(V29=1,MATCH(E29,SIS_NOM,0),1) | X29: =IF(V29=1,MATCH(I29,MET_COD,0),3) | Y29: =(X29-1)*2+IF(INDEX(SIS_CARG,W29)=3,2,1) | Z29: =IF(I29="D",INDEX(FT_TER,MATCH($F$9,FT_T,0)),INDEX(FT_AIR,MATCH($F$9,FT_T,0)))*INDEX(FA_F,MIN(COUNT(FA_N),COUNTIF(FA_N,"<"&MAX(1,N(J29)))+1)) | AA29: =IF(V29=1,F29/(INDEX(SIS_K,W29)*INDEX(SIS_V,W29)*G29),0) | AB29: =INDEX(ITM,MIN(COUNT(ITM),COUNTIF(ITM,"<"&MAX(1.25*AA29,IF(D29="Circuito derivado",N($F$12),0))-0.000001)+1)) | AC29: =COUNTIF(INDEX(TABLA2,0,Y29),"<"&MAX(AB29,1.25*AA29)/Z29-0.000001)+1 | AD29: =IF(V29=1,IF(AL29<=0,99,COUNTIF(SECC,"<"&INDEX(SIS_K2,W29)*$F$10*H29*AA29*G29/AL29-0.000001)+1),1) | AE29: =IFERROR(MATCH(N(K29),SECC,0),2) | AF29: =MAX(AC29,AD29,AE29) | AG29: =IF(AF29<=COUNT(INDEX(TABLA2,0,Y29)),1,0) | AH29: =IF(OR(ISBLANK(L29),ISNUMBER(L29)),1,0) | AI29: =MIN(AJ29,$F$11-N(L29)) | AJ29: =IF(V29=1,INDEX(TRAMO_LIM,MATCH(D29,TRAMO_NOM,0)),2.5) | AK29: =SQRT(MAX(0,1-N(G29)^2)) | AL29: =AI29/100*INDEX(SIS_V,W29)-INDEX(SIS_K2,W29)*N(H29)*AA29*$F$13/1000*AK29
B30: 16 | M30: =IF(V30=1,AA30,"") | N30: =IF(V30=1,AB30,"") | O30: =IF(V30=1,IF(AG30=1,INDEX(SECC,AF30),"Insuficiente"),"") | P30: =IF(AND(V30=1,AG30=1),INDEX(TABLA2,AF30,Y30)*Z30,"") | Q30: =IF(AND(V30=1,AG30=1),100*INDEX(SIS_K2,W30)*H30*AA30*($F$10*G30/O30+$F$13/1000*AK30)/INDEX(SIS_V,W30),"") | R30: =IF(AND(V30=1,AG30=1),N(L30)+Q30,"") | S30: =IF(V30=0,"",IF(AG30=0,"Insuficiente",IF(AND(AD30>AC30,AD30>=AE30),"Caída",IF(AC30>=AE30,"Capacidad","S mínima")))) | T30: =IF(C30="","",IF(V30=0,"REVISAR datos",IF(AH30=0,"REVISAR ΔV previo",IF(AG30=0,"NO CUMPLE",IF(AB30<1.25*AA30-0.000001,"NO CUMPLE (ITM)",IF(AND(Q30<=AJ30+0.000001,R30<=$F$11+0.000001),"CUMPLE","NO CUMPLE")))))) | V30: =IF(AND(C30<>"",D30<>"",E30<>"",N(F30)>0,N(G30)>0,N(H30)>0,I30<>""),1,0) | W30: =IF(V30=1,MATCH(E30,SIS_NOM,0),1) | X30: =IF(V30=1,MATCH(I30,MET_COD,0),3) | Y30: =(X30-1)*2+IF(INDEX(SIS_CARG,W30)=3,2,1) | Z30: =IF(I30="D",INDEX(FT_TER,MATCH($F$9,FT_T,0)),INDEX(FT_AIR,MATCH($F$9,FT_T,0)))*INDEX(FA_F,MIN(COUNT(FA_N),COUNTIF(FA_N,"<"&MAX(1,N(J30)))+1)) | AA30: =IF(V30=1,F30/(INDEX(SIS_K,W30)*INDEX(SIS_V,W30)*G30),0) | AB30: =INDEX(ITM,MIN(COUNT(ITM),COUNTIF(ITM,"<"&MAX(1.25*AA30,IF(D30="Circuito derivado",N($F$12),0))-0.000001)+1)) | AC30: =COUNTIF(INDEX(TABLA2,0,Y30),"<"&MAX(AB30,1.25*AA30)/Z30-0.000001)+1 | AD30: =IF(V30=1,IF(AL30<=0,99,COUNTIF(SECC,"<"&INDEX(SIS_K2,W30)*$F$10*H30*AA30*G30/AL30-0.000001)+1),1) | AE30: =IFERROR(MATCH(N(K30),SECC,0),2) | AF30: =MAX(AC30,AD30,AE30) | AG30: =IF(AF30<=COUNT(INDEX(TABLA2,0,Y30)),1,0) | AH30: =IF(OR(ISBLANK(L30),ISNUMBER(L30)),1,0) | AI30: =MIN(AJ30,$F$11-N(L30)) | AJ30: =IF(V30=1,INDEX(TRAMO_LIM,MATCH(D30,TRAMO_NOM,0)),2.5) | AK30: =SQRT(MAX(0,1-N(G30)^2)) | AL30: =AI30/100*INDEX(SIS_V,W30)-INDEX(SIS_K2,W30)*N(H30)*AA30*$F$13/1000*AK30
B31: 17 | M31: =IF(V31=1,AA31,"") | N31: =IF(V31=1,AB31,"") | O31: =IF(V31=1,IF(AG31=1,INDEX(SECC,AF31),"Insuficiente"),"") | P31: =IF(AND(V31=1,AG31=1),INDEX(TABLA2,AF31,Y31)*Z31,"") | Q31: =IF(AND(V31=1,AG31=1),100*INDEX(SIS_K2,W31)*H31*AA31*($F$10*G31/O31+$F$13/1000*AK31)/INDEX(SIS_V,W31),"") | R31: =IF(AND(V31=1,AG31=1),N(L31)+Q31,"") | S31: =IF(V31=0,"",IF(AG31=0,"Insuficiente",IF(AND(AD31>AC31,AD31>=AE31),"Caída",IF(AC31>=AE31,"Capacidad","S mínima")))) | T31: =IF(C31="","",IF(V31=0,"REVISAR datos",IF(AH31=0,"REVISAR ΔV previo",IF(AG31=0,"NO CUMPLE",IF(AB31<1.25*AA31-0.000001,"NO CUMPLE (ITM)",IF(AND(Q31<=AJ31+0.000001,R31<=$F$11+0.000001),"CUMPLE","NO CUMPLE")))))) | V31: =IF(AND(C31<>"",D31<>"",E31<>"",N(F31)>0,N(G31)>0,N(H31)>0,I31<>""),1,0) | W31: =IF(V31=1,MATCH(E31,SIS_NOM,0),1) | X31: =IF(V31=1,MATCH(I31,MET_COD,0),3) | Y31: =(X31-1)*2+IF(INDEX(SIS_CARG,W31)=3,2,1) | Z31: =IF(I31="D",INDEX(FT_TER,MATCH($F$9,FT_T,0)),INDEX(FT_AIR,MATCH($F$9,FT_T,0)))*INDEX(FA_F,MIN(COUNT(FA_N),COUNTIF(FA_N,"<"&MAX(1,N(J31)))+1)) | AA31: =IF(V31=1,F31/(INDEX(SIS_K,W31)*INDEX(SIS_V,W31)*G31),0) | AB31: =INDEX(ITM,MIN(COUNT(ITM),COUNTIF(ITM,"<"&MAX(1.25*AA31,IF(D31="Circuito derivado",N($F$12),0))-0.000001)+1)) | AC31: =COUNTIF(INDEX(TABLA2,0,Y31),"<"&MAX(AB31,1.25*AA31)/Z31-0.000001)+1 | AD31: =IF(V31=1,IF(AL31<=0,99,COUNTIF(SECC,"<"&INDEX(SIS_K2,W31)*$F$10*H31*AA31*G31/AL31-0.000001)+1),1) | AE31: =IFERROR(MATCH(N(K31),SECC,0),2) | AF31: =MAX(AC31,AD31,AE31) | AG31: =IF(AF31<=COUNT(INDEX(TABLA2,0,Y31)),1,0) | AH31: =IF(OR(ISBLANK(L31),ISNUMBER(L31)),1,0) | AI31: =MIN(AJ31,$F$11-N(L31)) | AJ31: =IF(V31=1,INDEX(TRAMO_LIM,MATCH(D31,TRAMO_NOM,0)),2.5) | AK31: =SQRT(MAX(0,1-N(G31)^2)) | AL31: =AI31/100*INDEX(SIS_V,W31)-INDEX(SIS_K2,W31)*N(H31)*AA31*$F$13/1000*AK31
B32: 18 | M32: =IF(V32=1,AA32,"") | N32: =IF(V32=1,AB32,"") | O32: =IF(V32=1,IF(AG32=1,INDEX(SECC,AF32),"Insuficiente"),"") | P32: =IF(AND(V32=1,AG32=1),INDEX(TABLA2,AF32,Y32)*Z32,"") | Q32: =IF(AND(V32=1,AG32=1),100*INDEX(SIS_K2,W32)*H32*AA32*($F$10*G32/O32+$F$13/1000*AK32)/INDEX(SIS_V,W32),"") | R32: =IF(AND(V32=1,AG32=1),N(L32)+Q32,"") | S32: =IF(V32=0,"",IF(AG32=0,"Insuficiente",IF(AND(AD32>AC32,AD32>=AE32),"Caída",IF(AC32>=AE32,"Capacidad","S mínima")))) | T32: =IF(C32="","",IF(V32=0,"REVISAR datos",IF(AH32=0,"REVISAR ΔV previo",IF(AG32=0,"NO CUMPLE",IF(AB32<1.25*AA32-0.000001,"NO CUMPLE (ITM)",IF(AND(Q32<=AJ32+0.000001,R32<=$F$11+0.000001),"CUMPLE","NO CUMPLE")))))) | V32: =IF(AND(C32<>"",D32<>"",E32<>"",N(F32)>0,N(G32)>0,N(H32)>0,I32<>""),1,0) | W32: =IF(V32=1,MATCH(E32,SIS_NOM,0),1) | X32: =IF(V32=1,MATCH(I32,MET_COD,0),3) | Y32: =(X32-1)*2+IF(INDEX(SIS_CARG,W32)=3,2,1) | Z32: =IF(I32="D",INDEX(FT_TER,MATCH($F$9,FT_T,0)),INDEX(FT_AIR,MATCH($F$9,FT_T,0)))*INDEX(FA_F,MIN(COUNT(FA_N),COUNTIF(FA_N,"<"&MAX(1,N(J32)))+1)) | AA32: =IF(V32=1,F32/(INDEX(SIS_K,W32)*INDEX(SIS_V,W32)*G32),0) | AB32: =INDEX(ITM,MIN(COUNT(ITM),COUNTIF(ITM,"<"&MAX(1.25*AA32,IF(D32="Circuito derivado",N($F$12),0))-0.000001)+1)) | AC32: =COUNTIF(INDEX(TABLA2,0,Y32),"<"&MAX(AB32,1.25*AA32)/Z32-0.000001)+1 | AD32: =IF(V32=1,IF(AL32<=0,99,COUNTIF(SECC,"<"&INDEX(SIS_K2,W32)*$F$10*H32*AA32*G32/AL32-0.000001)+1),1) | AE32: =IFERROR(MATCH(N(K32),SECC,0),2) | AF32: =MAX(AC32,AD32,AE32) | AG32: =IF(AF32<=COUNT(INDEX(TABLA2,0,Y32)),1,0) | AH32: =IF(OR(ISBLANK(L32),ISNUMBER(L32)),1,0) | AI32: =MIN(AJ32,$F$11-N(L32)) | AJ32: =IF(V32=1,INDEX(TRAMO_LIM,MATCH(D32,TRAMO_NOM,0)),2.5) | AK32: =SQRT(MAX(0,1-N(G32)^2)) | AL32: =AI32/100*INDEX(SIS_V,W32)-INDEX(SIS_K2,W32)*N(H32)*AA32*$F$13/1000*AK32
B33: 19 | M33: =IF(V33=1,AA33,"") | N33: =IF(V33=1,AB33,"") | O33: =IF(V33=1,IF(AG33=1,INDEX(SECC,AF33),"Insuficiente"),"") | P33: =IF(AND(V33=1,AG33=1),INDEX(TABLA2,AF33,Y33)*Z33,"") | Q33: =IF(AND(V33=1,AG33=1),100*INDEX(SIS_K2,W33)*H33*AA33*($F$10*G33/O33+$F$13/1000*AK33)/INDEX(SIS_V,W33),"") | R33: =IF(AND(V33=1,AG33=1),N(L33)+Q33,"") | S33: =IF(V33=0,"",IF(AG33=0,"Insuficiente",IF(AND(AD33>AC33,AD33>=AE33),"Caída",IF(AC33>=AE33,"Capacidad","S mínima")))) | T33: =IF(C33="","",IF(V33=0,"REVISAR datos",IF(AH33=0,"REVISAR ΔV previo",IF(AG33=0,"NO CUMPLE",IF(AB33<1.25*AA33-0.000001,"NO CUMPLE (ITM)",IF(AND(Q33<=AJ33+0.000001,R33<=$F$11+0.000001),"CUMPLE","NO CUMPLE")))))) | V33: =IF(AND(C33<>"",D33<>"",E33<>"",N(F33)>0,N(G33)>0,N(H33)>0,I33<>""),1,0) | W33: =IF(V33=1,MATCH(E33,SIS_NOM,0),1) | X33: =IF(V33=1,MATCH(I33,MET_COD,0),3) | Y33: =(X33-1)*2+IF(INDEX(SIS_CARG,W33)=3,2,1) | Z33: =IF(I33="D",INDEX(FT_TER,MATCH($F$9,FT_T,0)),INDEX(FT_AIR,MATCH($F$9,FT_T,0)))*INDEX(FA_F,MIN(COUNT(FA_N),COUNTIF(FA_N,"<"&MAX(1,N(J33)))+1)) | AA33: =IF(V33=1,F33/(INDEX(SIS_K,W33)*INDEX(SIS_V,W33)*G33),0) | AB33: =INDEX(ITM,MIN(COUNT(ITM),COUNTIF(ITM,"<"&MAX(1.25*AA33,IF(D33="Circuito derivado",N($F$12),0))-0.000001)+1)) | AC33: =COUNTIF(INDEX(TABLA2,0,Y33),"<"&MAX(AB33,1.25*AA33)/Z33-0.000001)+1 | AD33: =IF(V33=1,IF(AL33<=0,99,COUNTIF(SECC,"<"&INDEX(SIS_K2,W33)*$F$10*H33*AA33*G33/AL33-0.000001)+1),1) | AE33: =IFERROR(MATCH(N(K33),SECC,0),2) | AF33: =MAX(AC33,AD33,AE33) | AG33: =IF(AF33<=COUNT(INDEX(TABLA2,0,Y33)),1,0) | AH33: =IF(OR(ISBLANK(L33),ISNUMBER(L33)),1,0) | AI33: =MIN(AJ33,$F$11-N(L33)) | AJ33: =IF(V33=1,INDEX(TRAMO_LIM,MATCH(D33,TRAMO_NOM,0)),2.5) | AK33: =SQRT(MAX(0,1-N(G33)^2)) | AL33: =AI33/100*INDEX(SIS_V,W33)-INDEX(SIS_K2,W33)*N(H33)*AA33*$F$13/1000*AK33
... B39: 25 | M39: =IF(V39=1,AA39,"") | N39: =IF(V39=1,AB39,"") | O39: =IF(V39=1,IF(AG39=1,INDEX(SECC,AF39),"Insuficiente"),"") | P39: =IF(AND(V39=1,AG39=1),INDEX(TABLA2,AF39,Y39)*Z39,"") | Q39: =IF(AND(V39=1,AG39=1),100*INDEX(SIS_K2,W39)*H39*AA39*($F$10*G39/O39+$F$13/1000*AK39)/INDEX(SIS_V,W39),"") | R39: =IF(AND(V39=1,AG39=1),N(L39)+Q39,"") | S39: =IF(V39=0,"",IF(AG39=0,"Insuficiente",IF(AND(AD39>AC39,AD39>=AE39),"Caída",IF(AC39>=AE39,"Capacidad","S mínima")))) | T39: =IF(C39="","",IF(V39=0,"REVISAR datos",IF(AH39=0,"REVISAR ΔV previo",IF(AG39=0,"NO CUMPLE",IF(AB39<1.25*AA39-0.000001,"NO CUMPLE (ITM)",IF(AND(Q39<=AJ39+0.000001,R39<=$F$11+0.000001),"CUMPLE","NO CUMPLE")))))) | V39: =IF(AND(C39<>"",D39<>"",E39<>"",N(F39)>0,N(G39)>0,N(H39)>0,I39<>""),1,0) | W39: =IF(V39=1,MATCH(E39,SIS_NOM,0),1) | X39: =IF(V39=1,MATCH(I39,MET_COD,0),3) | Y39: =(X39-1)*2+IF(INDEX(SIS_CARG,W39)=3,2,1) | Z39: =IF(I39="D",INDEX(FT_TER,MATCH($F$9,FT_T,0)),INDEX(FT_AIR,MATCH($F$9,FT_T,0)))*INDEX(FA_F,MIN(COUNT(FA_N),COUNTIF(FA_N,"<"&MAX(1,N(J39)))+1)) | AA39: =IF(V39=1,F39/(INDEX(SIS_K,W39)*INDEX(SIS_V,W39)*G39),0) | AB39: =INDEX(ITM,MIN(COUNT(ITM),COUNTIF(ITM,"<"&MAX(1.25*AA39,IF(D39="Circuito derivado",N($F$12),0))-0.000001)+1)) | AC39: =COUNTIF(INDEX(TABLA2,0,Y39),"<"&MAX(AB39,1.25*AA39)/Z39-0.000001)+1 | AD39: =IF(V39=1,IF(AL39<=0,99,COUNTIF(SECC,"<"&INDEX(SIS_K2,W39)*$F$10*H39*AA39*G39/AL39-0.000001)+1),1) | AE39: =IFERROR(MATCH(N(K39),SECC,0),2) | AF39: =MAX(AC39,AD39,AE39) | AG39: =IF(AF39<=COUNT(INDEX(TABLA2,0,Y39)),1,0) | AH39: =IF(OR(ISBLANK(L39),ISNUMBER(L39)),1,0) | AI39: =MIN(AJ39,$F$11-N(L39)) | AJ39: =IF(V39=1,INDEX(TRAMO_LIM,MATCH(D39,TRAMO_NOM,0)),2.5) | AK39: =SQRT(MAX(0,1-N(G39)^2)) | AL39: =AI39/100*INDEX(SIS_V,W39)-INDEX(SIS_K2,W39)*N(H39)*AA39*$F$13/1000*AK39
B41: Capacidad: CNE-U Tabla 2 (Cu, PVC 70 °C) con los factores de las Tablas 5A y 5C. ΔV = k'·L·I·(ρ·cos φ/S + X·sen φ) con la corriente de la carga (050-102); la sección se elige para el límite del tramo y el saldo del 4 % acumulado. Para el detalle de un tramo (conductor de protección, tubería y designación) use la hoja CAIDA_TENSION.

Sheet TABLAS
B1: TABLAS DE REFERENCIA · CALCULADORAS IIEE ALF
B2: Las demás hojas leen estos valores. La hoja está protegida sin contraseña: si su copia oficial de la norma difiere, corrija aquí (Revisar > Desproteger hoja) y avise a ALF_BIM.
B4: CNE-U TABLA 2 · CAPACIDAD DE CORRIENTE (A) · COBRE, AISLAMIENTO TERMOPLÁSTICO 70 °C
B5: Temperatura de referencia 30 °C en aire y 20 °C en terreno (método D). 2 = dos conductores cargados (monofásico), 3 = tres (trifásico). Diámetro exterior aproximado de NH-80 / THW-90 (catálogos) para el cálculo de tuberías.
B6: Sección (mm²) | C6: A1-2 | D6: A1-3 | E6: A2-2 | F6: A2-3 | G6: B1-2 | H6: B1-3 | I6: B2-2 | J6: B2-3 | K6: C-2 | L6: C-3 | M6: D-2 | N6: D-3 | O6: Ø ext. (mm)
B7: 1.5 | C7: 14.5 | D7: 13.5 | E7: 14 | F7: 13 | G7: 17.5 | H7: 15.5 | I7: 16.5 | J7: 15 | K7: 19.5 | L7: 17.5 | M7: 22 | N7: 18 | O7: 3
B8: 2.5 | C8: 19.5 | D8: 18 | E8: 18.5 | F8: 17.5 | G8: 24 | H8: 21 | I8: 23 | J8: 20 | K8: 27 | L8: 24 | M8: 29 | N8: 24 | O8: 3.5
B9: 4 | C9: 26 | D9: 24 | E9: 25 | F9: 23 | G9: 32 | H9: 28 | I9: 30 | J9: 27 | K9: 36 | L9: 32 | M9: 38 | N9: 31 | O9: 4
B10: 6 | C10: 34 | D10: 31 | E10: 32 | F10: 29 | G10: 41 | H10: 36 | I10: 38 | J10: 34 | K10: 46 | L10: 41 | M10: 47 | N10: 39 | O10: 4.6
B11: 10 | C11: 46 | D11: 42 | E11: 43 | F11: 39 | G11: 57 | H11: 50 | I11: 52 | J11: 46 | K11: 63 | L11: 57 | M11: 63 | N11: 52 | O11: 6
B12: 16 | C12: 61 | D12: 56 | E12: 57 | F12: 52 | G12: 76 | H12: 68 | I12: 69 | J12: 62 | K12: 85 | L12: 76 | M12: 81 | N12: 67 | O12: 7.6
B13: 25 | C13: 80 | D13: 73 | E13: 75 | F13: 68 | G13: 101 | H13: 89 | I13: 90 | J13: 80 | K13: 112 | L13: 96 | M13: 104 | N13: 86 | O13: 9.4
B14: 35 | C14: 99 | D14: 89 | E14: 92 | F14: 83 | G14: 125 | H14: 110 | I14: 111 | J14: 99 | K14: 138 | L14: 119 | M14: 125 | N14: 103 | O14: 10.7
B15: 50 | C15: 119 | D15: 108 | E15: 110 | F15: 99 | G15: 151 | H15: 134 | I15: 133 | J15: 118 | K15: 168 | L15: 144 | M15: 148 | N15: 122 | O15: 12.6
B16: 70 | C16: 151 | D16: 136 | E16: 139 | F16: 125 | G16: 192 | H16: 171 | I16: 168 | J16: 149 | K16: 213 | L16: 184 | M16: 183 | N16: 151 | O16: 14.6
B17: 95 | C17: 182 | D17: 164 | E17: 167 | F17: 150 | G17: 232 | H17: 207 | I17: 201 | J17: 179 | K17: 258 | L17: 223 | M17: 216 | N17: 179 | O17: 16.9
B18: 120 | C18: 210 | D18: 188 | E18: 192 | F18: 172 | G18: 269 | H18: 239 | I18: 232 | J18: 206 | K18: 299 | L18: 259 | M18: 246 | N18: 203 | O18: 18.9
B19: 150 | C19: 240 | D19: 216 | E19: 219 | F19: 196 | K19: 344 | L19: 299 | M19: 278 | N19: 230 | O19: 21
B20: 185 | C20: 273 | D20: 245 | E20: 248 | F20: 223 | K20: 395 | L20: 341 | M20: 312 | N20: 258 | O20: 23.5
B21: 240 | C21: 321 | D21: 286 | E21: 291 | F21: 261 | K21: 461 | L21: 403 | M21: 361 | N21: 297 | O21: 26.5
B24: MÉTODOS DE INSTALACIÓN (CNE-U Tabla 2 / IEC 60364-5-52)
B25: Descripción | C25: Código
B26: A1 · Unipolares en tubo dentro de pared térmicamente aislante | C26: A1
B27: A2 · Multipolar en tubo dentro de pared térmicamente aislante | C27: A2
B28: B1 · Unipolares en tubo empotrado o sobre pared (lo usual en edificaciones) | C28: B1
B29: B2 · Multipolar en tubo empotrado o sobre pared | C29: B2
B30: C · Cable adosado a pared o en bandeja no perforada | C30: C
B31: D · Cable en ducto enterrado (terreno a 20 °C) | C31: D
B34: FACTOR DE CORRECCIÓN POR TEMPERATURA · CNE-U TABLA 5A (PVC)
B35: Temperatura (°C) | C35: En aire | D35: En terreno
B36: 10 | C36: 1.22 | D36: 1.1
B37: 15 | C37: 1.17 | D37: 1.05
B38: 20 | C38: 1.12 | D38: 1
B39: 25 | C39: 1.06 | D39: 0.95
B40: 30 | C40: 1 | D40: 0.89
B41: 35 | C41: 0.94 | D41: 0.84
B42: 40 | C42: 0.87 | D42: 0.77
B43: 45 | C43: 0.79 | D43: 0.71
B44: 50 | C44: 0.71 | D44: 0.63
B45: 55 | C45: 0.61 | D45: 0.55
B46: 60 | C46: 0.5 | D46: 0.45
B49: FACTOR POR AGRUPAMIENTO · CNE-U TABLA 5C, ÍTEM 1
B50: Circuitos agrupados en el mismo tubo o haz; para valores intermedios se toma el siguiente mayor.
B51: N.° de circuitos (hasta) | C51: Factor
B52: 1 | C52: 1
B53: 2 | C53: 0.8
B54: 3 | C54: 0.7
B55: 4 | C55: 0.65
B56: 5 | C56: 0.6
B57: 6 | C57: 0.57
B58: 7 | C58: 0.54
B59: 8 | C59: 0.52
B60: 9 | C60: 0.5
B61: 12 | C61: 0.45
B62: 16 | C62: 0.41
B63: 20 | C63: 0.38
B66: INTERRUPTORES TERMOMAGNÉTICOS NORMALIZADOS (A)
B67: In (A)
B68: 6
B69: 10
B70: 16
B71: 20
B72: 25
B73: 32
B74: 40
B75: 50
B76: 63
B77: 80
B78: 100
B79: 125
... B86: 630
B89: TUBERÍA PVC-SAP · OCUPACIÓN MÁXIMA 40 % (tres o más conductores)
B90: Ø nominal (mm) | C90: Ø interior (mm) | D90: 40 % del área (mm²)
B91: 20 | C91: 16.4 | D91: 84.5
B92: 25 | C92: 20.9 | D92: 137.2
B93: 35 | C93: 29.6 | D93: 275.3
B94: 40 | C94: 35.5 | D94: 395.9
B95: 50 | C95: 44.6 | D95: 624.9
B96: 65 | C96: 59 | D96: 1093.6
B97: 80 | C97: 71.6 | D97: 1610.6
B98: 100 | C98: 93 | D98: 2717.2
B101: SISTEMAS DE SUMINISTRO
B102: I = P / (k·V·cos φ); ΔV = k'·ρ·L·I·cos φ / S (k' = 2 en monofásico y √3 en trifásico).
B103: Sistema | C103: V (V) | D103: k | E103: k' | F103: Cargados | G103: Conductores activos
B104: Monofásico 220 V | C104: 220 | D104: 1 | E104: 2 | F104: 2 | G104: 2
B105: Trifásico 380/220 V (4 hilos) | C105: 380 | D105: 1.732051 | E105: 1.732051 | F105: 3 | G105: 4
B106: Trifásico 220 V (3 hilos) | C106: 220 | D106: 1.732051 | E106: 1.732051 | F106: 3 | G106: 3
B109: TIPO DE TRAMO · LÍMITE DE CAÍDA DE TENSIÓN (CNE-U Regla 050-102)
B110: 050-102: 2.5 % en alimentadores y 2.5 % en circuitos derivados; 4 % en total, del medidor a la salida más lejana.
B111: Tramo | C111: Límite (%)
B112: Alimentador | C112: 2.5
B113: Circuito derivado | C113: 2.5
B116: TIPOS DE CONDUCTOR Y SECCIONES MÍNIMAS
B117: Tipo
B118: NH-80
B119: THW-90
B120: N2XOH
B123: Sección mínima (mm²)
B124: 1.5
B125: 2.5
...
